亜,http://jisho.org/search/亜%20%23kanji,,,
哀,http://jisho.org/search/哀%20%23kanji,,,
挨,http://jisho.org/search/挨%20%23kanji,,,
愛,http://jisho.org/search/愛%20%23kanji,,,
曖,http://jisho.org/search/曖%20%23kanji,,,
悪,http://jisho.org/search/悪%20%23kanji,,,
握,http://jisho.org/search/握%20%23kanji,,,
圧,http://jisho.org/search/圧%20%23kanji,,,
扱,http://jisho.org/search/扱%20%23kanji,,,
宛,http://jisho.org/search/宛%20%23kanji,,,
嵐,http://jisho.org/search/嵐%20%23kanji,,,
安,http://jisho.org/search/安%20%23kanji,,,
案,http://jisho.org/search/案%20%23kanji,,,
暗,http://jisho.org/search/暗%20%23kanji,,,
以,http://jisho.org/search/以%20%23kanji,,,
衣,http://jisho.org/search/衣%20%23kanji,,,
位,http://jisho.org/search/位%20%23kanji,,,
囲,http://jisho.org/search/囲%20%23kanji,,,
医,http://jisho.org/search/医%20%23kanji,,,
依,http://jisho.org/search/依%20%23kanji,,,
委,http://jisho.org/search/委%20%23kanji,,,
威,http://jisho.org/search/威%20%23kanji,,,
為,http://jisho.org/search/為%20%23kanji,,,
畏,http://jisho.org/search/畏%20%23kanji,,,
胃,http://jisho.org/search/胃%20%23kanji,,,
尉,http://jisho.org/search/尉%20%23kanji,,,
異,http://jisho.org/search/異%20%23kanji,,,
移,http://jisho.org/search/移%20%23kanji,,,
萎,http://jisho.org/search/萎%20%23kanji,,,
偉,http://jisho.org/search/偉%20%23kanji,,,
椅,http://jisho.org/search/椅%20%23kanji,,,
彙,http://jisho.org/search/彙%20%23kanji,,,
意,http://jisho.org/search/意%20%23kanji,,,
違,http://jisho.org/search/違%20%23kanji,,,
維,http://jisho.org/search/維%20%23kanji,,,
慰,http://jisho.org/search/慰%20%23kanji,,,
遺,http://jisho.org/search/遺%20%23kanji,,,
緯,http://jisho.org/search/緯%20%23kanji,,,
域,http://jisho.org/search/域%20%23kanji,,,
育,http://jisho.org/search/育%20%23kanji,,,
一,http://jisho.org/search/一%20%23kanji,,,
壱,http://jisho.org/search/壱%20%23kanji,,,
逸,http://jisho.org/search/逸%20%23kanji,,,
茨,http://jisho.org/search/茨%20%23kanji,,,
芋,http://jisho.org/search/芋%20%23kanji,,,
引,http://jisho.org/search/引%20%23kanji,,,
印,http://jisho.org/search/印%20%23kanji,,,
因,http://jisho.org/search/因%20%23kanji,,,
咽,http://jisho.org/search/咽%20%23kanji,,,
姻,http://jisho.org/search/姻%20%23kanji,,,
員,http://jisho.org/search/員%20%23kanji,,,
院,http://jisho.org/search/院%20%23kanji,,,
淫,http://jisho.org/search/淫%20%23kanji,,,
陰,http://jisho.org/search/陰%20%23kanji,,,
飲,http://jisho.org/search/飲%20%23kanji,,,
隠,http://jisho.org/search/隠%20%23kanji,,,
韻,http://jisho.org/search/韻%20%23kanji,,,
右,http://jisho.org/search/右%20%23kanji,,,
宇,http://jisho.org/search/宇%20%23kanji,,,
羽,http://jisho.org/search/羽%20%23kanji,,,
雨,http://jisho.org/search/雨%20%23kanji,,,
唄,http://jisho.org/search/唄%20%23kanji,,,
鬱,http://jisho.org/search/鬱%20%23kanji,,,
畝,http://jisho.org/search/畝%20%23kanji,,,
浦,http://jisho.org/search/浦%20%23kanji,,,
運,http://jisho.org/search/運%20%23kanji,,,
雲,http://jisho.org/search/雲%20%23kanji,,,
永,http://jisho.org/search/永%20%23kanji,,,
泳,http://jisho.org/search/泳%20%23kanji,,,
英,http://jisho.org/search/英%20%23kanji,,,
映,http://jisho.org/search/映%20%23kanji,,,
栄,http://jisho.org/search/栄%20%23kanji,,,
営,http://jisho.org/search/営%20%23kanji,,,
詠,http://jisho.org/search/詠%20%23kanji,,,
影,http://jisho.org/search/影%20%23kanji,,,
鋭,http://jisho.org/search/鋭%20%23kanji,,,
衛,http://jisho.org/search/衛%20%23kanji,,,
易,http://jisho.org/search/易%20%23kanji,,,
疫,http://jisho.org/search/疫%20%23kanji,,,
益,http://jisho.org/search/益%20%23kanji,,,
液,http://jisho.org/search/液%20%23kanji,,,
駅,http://jisho.org/search/駅%20%23kanji,,,
悦,http://jisho.org/search/悦%20%23kanji,,,
越,http://jisho.org/search/越%20%23kanji,,,
謁,http://jisho.org/search/謁%20%23kanji,,,
閲,http://jisho.org/search/閲%20%23kanji,,,
円,http://jisho.org/search/円%20%23kanji,,,
延,http://jisho.org/search/延%20%23kanji,,,
沿,http://jisho.org/search/沿%20%23kanji,,,
炎,http://jisho.org/search/炎%20%23kanji,,,
怨,http://jisho.org/search/怨%20%23kanji,,,
宴,http://jisho.org/search/宴%20%23kanji,,,
媛,http://jisho.org/search/媛%20%23kanji,,,
援,http://jisho.org/search/援%20%23kanji,,,
園,http://jisho.org/search/園%20%23kanji,,,
煙,http://jisho.org/search/煙%20%23kanji,,,
猿,http://jisho.org/search/猿%20%23kanji,,,
遠,http://jisho.org/search/遠%20%23kanji,,,
鉛,http://jisho.org/search/鉛%20%23kanji,,,
塩,http://jisho.org/search/塩%20%23kanji,,,
演,http://jisho.org/search/演%20%23kanji,,,
縁,http://jisho.org/search/縁%20%23kanji,,,
艶,http://jisho.org/search/艶%20%23kanji,,,
汚,http://jisho.org/search/汚%20%23kanji,,,
王,http://jisho.org/search/王%20%23kanji,,,
凹,http://jisho.org/search/凹%20%23kanji,,,
央,http://jisho.org/search/央%20%23kanji,,,
応,http://jisho.org/search/応%20%23kanji,,,
往,http://jisho.org/search/往%20%23kanji,,,
押,http://jisho.org/search/押%20%23kanji,,,
旺,http://jisho.org/search/旺%20%23kanji,,,
欧,http://jisho.org/search/欧%20%23kanji,,,
殴,http://jisho.org/search/殴%20%23kanji,,,
桜,http://jisho.org/search/桜%20%23kanji,,,
翁,http://jisho.org/search/翁%20%23kanji,,,
奥,http://jisho.org/search/奥%20%23kanji,,,
横,http://jisho.org/search/横%20%23kanji,,,
岡,http://jisho.org/search/岡%20%23kanji,,,
屋,http://jisho.org/search/屋%20%23kanji,,,
億,http://jisho.org/search/億%20%23kanji,,,
憶,http://jisho.org/search/憶%20%23kanji,,,
臆,http://jisho.org/search/臆%20%23kanji,,,
虞,http://jisho.org/search/虞%20%23kanji,,,
乙,http://jisho.org/search/乙%20%23kanji,,,
俺,http://jisho.org/search/俺%20%23kanji,,,
卸,http://jisho.org/search/卸%20%23kanji,,,
音,http://jisho.org/search/音%20%23kanji,,,
恩,http://jisho.org/search/恩%20%23kanji,,,
温,http://jisho.org/search/温%20%23kanji,,,
穏,http://jisho.org/search/穏%20%23kanji,,,
下,http://jisho.org/search/下%20%23kanji,,,
化,http://jisho.org/search/化%20%23kanji,,,
火,http://jisho.org/search/火%20%23kanji,,,
加,http://jisho.org/search/加%20%23kanji,,,
可,http://jisho.org/search/可%20%23kanji,,,
仮,http://jisho.org/search/仮%20%23kanji,,,
何,http://jisho.org/search/何%20%23kanji,,,
花,http://jisho.org/search/花%20%23kanji,,,
佳,http://jisho.org/search/佳%20%23kanji,,,
価,http://jisho.org/search/価%20%23kanji,,,
果,http://jisho.org/search/果%20%23kanji,,,
河,http://jisho.org/search/河%20%23kanji,,,
苛,http://jisho.org/search/苛%20%23kanji,,,
科,http://jisho.org/search/科%20%23kanji,,,
架,http://jisho.org/search/架%20%23kanji,,,
夏,http://jisho.org/search/夏%20%23kanji,,,
家,http://jisho.org/search/家%20%23kanji,,,
荷,http://jisho.org/search/荷%20%23kanji,,,
華,http://jisho.org/search/華%20%23kanji,,,
菓,http://jisho.org/search/菓%20%23kanji,,,
貨,http://jisho.org/search/貨%20%23kanji,,,
渦,http://jisho.org/search/渦%20%23kanji,,,
過,http://jisho.org/search/過%20%23kanji,,,
嫁,http://jisho.org/search/嫁%20%23kanji,,,
暇,http://jisho.org/search/暇%20%23kanji,,,
禍,http://jisho.org/search/禍%20%23kanji,,,
靴,http://jisho.org/search/靴%20%23kanji,,,
寡,http://jisho.org/search/寡%20%23kanji,,,
歌,http://jisho.org/search/歌%20%23kanji,,,
箇,http://jisho.org/search/箇%20%23kanji,,,
稼,http://jisho.org/search/稼%20%23kanji,,,
課,http://jisho.org/search/課%20%23kanji,,,
蚊,http://jisho.org/search/蚊%20%23kanji,,,
牙,http://jisho.org/search/牙%20%23kanji,,,
瓦,http://jisho.org/search/瓦%20%23kanji,,,
我,http://jisho.org/search/我%20%23kanji,,,
画,http://jisho.org/search/画%20%23kanji,,,
芽,http://jisho.org/search/芽%20%23kanji,,,
賀,http://jisho.org/search/賀%20%23kanji,,,
雅,http://jisho.org/search/雅%20%23kanji,,,
餓,http://jisho.org/search/餓%20%23kanji,,,
介,http://jisho.org/search/介%20%23kanji,,,
回,http://jisho.org/search/回%20%23kanji,,,
灰,http://jisho.org/search/灰%20%23kanji,,,
会,http://jisho.org/search/会%20%23kanji,,,
快,http://jisho.org/search/快%20%23kanji,,,
戒,http://jisho.org/search/戒%20%23kanji,,,
改,http://jisho.org/search/改%20%23kanji,,,
怪,http://jisho.org/search/怪%20%23kanji,,,
拐,http://jisho.org/search/拐%20%23kanji,,,
悔,http://jisho.org/search/悔%20%23kanji,,,
海,http://jisho.org/search/海%20%23kanji,,,
界,http://jisho.org/search/界%20%23kanji,,,
皆,http://jisho.org/search/皆%20%23kanji,,,
械,http://jisho.org/search/械%20%23kanji,,,
絵,http://jisho.org/search/絵%20%23kanji,,,
開,http://jisho.org/search/開%20%23kanji,,,
階,http://jisho.org/search/階%20%23kanji,,,
塊,http://jisho.org/search/塊%20%23kanji,,,
楷,http://jisho.org/search/楷%20%23kanji,,,
解,http://jisho.org/search/解%20%23kanji,,,
潰,http://jisho.org/search/潰%20%23kanji,,,
壊,http://jisho.org/search/壊%20%23kanji,,,
懐,http://jisho.org/search/懐%20%23kanji,,,
諧,http://jisho.org/search/諧%20%23kanji,,,
貝,http://jisho.org/search/貝%20%23kanji,,,
外,http://jisho.org/search/外%20%23kanji,,,
劾,http://jisho.org/search/劾%20%23kanji,,,
害,http://jisho.org/search/害%20%23kanji,,,
崖,http://jisho.org/search/崖%20%23kanji,,,
涯,http://jisho.org/search/涯%20%23kanji,,,
街,http://jisho.org/search/街%20%23kanji,,,
慨,http://jisho.org/search/慨%20%23kanji,,,
蓋,http://jisho.org/search/蓋%20%23kanji,,,
該,http://jisho.org/search/該%20%23kanji,,,
概,http://jisho.org/search/概%20%23kanji,,,
骸,http://jisho.org/search/骸%20%23kanji,,,
垣,http://jisho.org/search/垣%20%23kanji,,,
柿,http://jisho.org/search/柿%20%23kanji,,,
各,http://jisho.org/search/各%20%23kanji,,,
角,http://jisho.org/search/角%20%23kanji,,,
拡,http://jisho.org/search/拡%20%23kanji,,,
革,http://jisho.org/search/革%20%23kanji,,,
格,http://jisho.org/search/格%20%23kanji,,,
核,http://jisho.org/search/核%20%23kanji,,,
殻,http://jisho.org/search/殻%20%23kanji,,,
郭,http://jisho.org/search/郭%20%23kanji,,,
覚,http://jisho.org/search/覚%20%23kanji,,,
較,http://jisho.org/search/較%20%23kanji,,,
隔,http://jisho.org/search/隔%20%23kanji,,,
閣,http://jisho.org/search/閣%20%23kanji,,,
確,http://jisho.org/search/確%20%23kanji,,,
獲,http://jisho.org/search/獲%20%23kanji,,,
嚇,http://jisho.org/search/嚇%20%23kanji,,,
穫,http://jisho.org/search/穫%20%23kanji,,,
学,http://jisho.org/search/学%20%23kanji,,,
岳,http://jisho.org/search/岳%20%23kanji,,,
楽,http://jisho.org/search/楽%20%23kanji,,,
額,http://jisho.org/search/額%20%23kanji,,,
顎,http://jisho.org/search/顎%20%23kanji,,,
掛,http://jisho.org/search/掛%20%23kanji,,,
潟,http://jisho.org/search/潟%20%23kanji,,,
括,http://jisho.org/search/括%20%23kanji,,,
活,http://jisho.org/search/活%20%23kanji,,,
喝,http://jisho.org/search/喝%20%23kanji,,,
渇,http://jisho.org/search/渇%20%23kanji,,,
割,http://jisho.org/search/割%20%23kanji,,,
葛,http://jisho.org/search/葛%20%23kanji,,,
滑,http://jisho.org/search/滑%20%23kanji,,,
褐,http://jisho.org/search/褐%20%23kanji,,,
轄,http://jisho.org/search/轄%20%23kanji,,,
且,http://jisho.org/search/且%20%23kanji,,,
株,http://jisho.org/search/株%20%23kanji,,,
釜,http://jisho.org/search/釜%20%23kanji,,,
鎌,http://jisho.org/search/鎌%20%23kanji,,,
刈,http://jisho.org/search/刈%20%23kanji,,,
干,http://jisho.org/search/干%20%23kanji,,,
刊,http://jisho.org/search/刊%20%23kanji,,,
甘,http://jisho.org/search/甘%20%23kanji,,,
汗,http://jisho.org/search/汗%20%23kanji,,,
缶,http://jisho.org/search/缶%20%23kanji,,,
完,http://jisho.org/search/完%20%23kanji,,,
肝,http://jisho.org/search/肝%20%23kanji,,,
官,http://jisho.org/search/官%20%23kanji,,,
冠,http://jisho.org/search/冠%20%23kanji,,,
巻,http://jisho.org/search/巻%20%23kanji,,,
看,http://jisho.org/search/看%20%23kanji,,,
陥,http://jisho.org/search/陥%20%23kanji,,,
乾,http://jisho.org/search/乾%20%23kanji,,,
勘,http://jisho.org/search/勘%20%23kanji,,,
患,http://jisho.org/search/患%20%23kanji,,,
貫,http://jisho.org/search/貫%20%23kanji,,,
寒,http://jisho.org/search/寒%20%23kanji,,,
喚,http://jisho.org/search/喚%20%23kanji,,,
堪,http://jisho.org/search/堪%20%23kanji,,,
換,http://jisho.org/search/換%20%23kanji,,,
敢,http://jisho.org/search/敢%20%23kanji,,,
棺,http://jisho.org/search/棺%20%23kanji,,,
款,http://jisho.org/search/款%20%23kanji,,,
間,http://jisho.org/search/間%20%23kanji,,,
閑,http://jisho.org/search/閑%20%23kanji,,,
勧,http://jisho.org/search/勧%20%23kanji,,,
寛,http://jisho.org/search/寛%20%23kanji,,,
幹,http://jisho.org/search/幹%20%23kanji,,,
感,http://jisho.org/search/感%20%23kanji,,,
漢,http://jisho.org/search/漢%20%23kanji,,,
慣,http://jisho.org/search/慣%20%23kanji,,,
管,http://jisho.org/search/管%20%23kanji,,,
関,http://jisho.org/search/関%20%23kanji,,,
歓,http://jisho.org/search/歓%20%23kanji,,,
監,http://jisho.org/search/監%20%23kanji,,,
緩,http://jisho.org/search/緩%20%23kanji,,,
憾,http://jisho.org/search/憾%20%23kanji,,,
還,http://jisho.org/search/還%20%23kanji,,,
館,http://jisho.org/search/館%20%23kanji,,,
環,http://jisho.org/search/環%20%23kanji,,,
簡,http://jisho.org/search/簡%20%23kanji,,,
観,http://jisho.org/search/観%20%23kanji,,,
韓,http://jisho.org/search/韓%20%23kanji,,,
艦,http://jisho.org/search/艦%20%23kanji,,,
鑑,http://jisho.org/search/鑑%20%23kanji,,,
丸,http://jisho.org/search/丸%20%23kanji,,,
含,http://jisho.org/search/含%20%23kanji,,,
岸,http://jisho.org/search/岸%20%23kanji,,,
岩,http://jisho.org/search/岩%20%23kanji,,,
玩,http://jisho.org/search/玩%20%23kanji,,,
眼,http://jisho.org/search/眼%20%23kanji,,,
頑,http://jisho.org/search/頑%20%23kanji,,,
顔,http://jisho.org/search/顔%20%23kanji,,,
願,http://jisho.org/search/願%20%23kanji,,,
企,http://jisho.org/search/企%20%23kanji,,,
伎,http://jisho.org/search/伎%20%23kanji,,,
危,http://jisho.org/search/危%20%23kanji,,,
机,http://jisho.org/search/机%20%23kanji,,,
気,http://jisho.org/search/気%20%23kanji,,,
岐,http://jisho.org/search/岐%20%23kanji,,,
希,http://jisho.org/search/希%20%23kanji,,,
忌,http://jisho.org/search/忌%20%23kanji,,,
汽,http://jisho.org/search/汽%20%23kanji,,,
奇,http://jisho.org/search/奇%20%23kanji,,,
祈,http://jisho.org/search/祈%20%23kanji,,,
季,http://jisho.org/search/季%20%23kanji,,,
紀,http://jisho.org/search/紀%20%23kanji,,,
軌,http://jisho.org/search/軌%20%23kanji,,,
既,http://jisho.org/search/既%20%23kanji,,,
記,http://jisho.org/search/記%20%23kanji,,,
起,http://jisho.org/search/起%20%23kanji,,,
飢,http://jisho.org/search/飢%20%23kanji,,,
鬼,http://jisho.org/search/鬼%20%23kanji,,,
帰,http://jisho.org/search/帰%20%23kanji,,,
基,http://jisho.org/search/基%20%23kanji,,,
寄,http://jisho.org/search/寄%20%23kanji,,,
規,http://jisho.org/search/規%20%23kanji,,,
亀,http://jisho.org/search/亀%20%23kanji,,,
喜,http://jisho.org/search/喜%20%23kanji,,,
幾,http://jisho.org/search/幾%20%23kanji,,,
揮,http://jisho.org/search/揮%20%23kanji,,,
期,http://jisho.org/search/期%20%23kanji,,,
棋,http://jisho.org/search/棋%20%23kanji,,,
貴,http://jisho.org/search/貴%20%23kanji,,,
棄,http://jisho.org/search/棄%20%23kanji,,,
毀,http://jisho.org/search/毀%20%23kanji,,,
旗,http://jisho.org/search/旗%20%23kanji,,,
器,http://jisho.org/search/器%20%23kanji,,,
畿,http://jisho.org/search/畿%20%23kanji,,,
輝,http://jisho.org/search/輝%20%23kanji,,,
機,http://jisho.org/search/機%20%23kanji,,,
騎,http://jisho.org/search/騎%20%23kanji,,,
技,http://jisho.org/search/技%20%23kanji,,,
宜,http://jisho.org/search/宜%20%23kanji,,,
偽,http://jisho.org/search/偽%20%23kanji,,,
欺,http://jisho.org/search/欺%20%23kanji,,,
義,http://jisho.org/search/義%20%23kanji,,,
疑,http://jisho.org/search/疑%20%23kanji,,,
儀,http://jisho.org/search/儀%20%23kanji,,,
戯,http://jisho.org/search/戯%20%23kanji,,,
擬,http://jisho.org/search/擬%20%23kanji,,,
犠,http://jisho.org/search/犠%20%23kanji,,,
議,http://jisho.org/search/議%20%23kanji,,,
菊,http://jisho.org/search/菊%20%23kanji,,,
吉,http://jisho.org/search/吉%20%23kanji,,,
喫,http://jisho.org/search/喫%20%23kanji,,,
詰,http://jisho.org/search/詰%20%23kanji,,,
却,http://jisho.org/search/却%20%23kanji,,,
客,http://jisho.org/search/客%20%23kanji,,,
脚,http://jisho.org/search/脚%20%23kanji,,,
逆,http://jisho.org/search/逆%20%23kanji,,,
虐,http://jisho.org/search/虐%20%23kanji,,,
九,http://jisho.org/search/九%20%23kanji,,,
久,http://jisho.org/search/久%20%23kanji,,,
及,http://jisho.org/search/及%20%23kanji,,,
弓,http://jisho.org/search/弓%20%23kanji,,,
丘,http://jisho.org/search/丘%20%23kanji,,,
旧,http://jisho.org/search/旧%20%23kanji,,,
休,http://jisho.org/search/休%20%23kanji,,,
吸,http://jisho.org/search/吸%20%23kanji,,,
朽,http://jisho.org/search/朽%20%23kanji,,,
臼,http://jisho.org/search/臼%20%23kanji,,,
求,http://jisho.org/search/求%20%23kanji,,,
究,http://jisho.org/search/究%20%23kanji,,,
泣,http://jisho.org/search/泣%20%23kanji,,,
急,http://jisho.org/search/急%20%23kanji,,,
級,http://jisho.org/search/級%20%23kanji,,,
糾,http://jisho.org/search/糾%20%23kanji,,,
宮,http://jisho.org/search/宮%20%23kanji,,,
救,http://jisho.org/search/救%20%23kanji,,,
球,http://jisho.org/search/球%20%23kanji,,,
給,http://jisho.org/search/給%20%23kanji,,,
嗅,http://jisho.org/search/嗅%20%23kanji,,,
窮,http://jisho.org/search/窮%20%23kanji,,,
牛,http://jisho.org/search/牛%20%23kanji,,,
去,http://jisho.org/search/去%20%23kanji,,,
巨,http://jisho.org/search/巨%20%23kanji,,,
居,http://jisho.org/search/居%20%23kanji,,,
拒,http://jisho.org/search/拒%20%23kanji,,,
拠,http://jisho.org/search/拠%20%23kanji,,,
挙,http://jisho.org/search/挙%20%23kanji,,,
虚,http://jisho.org/search/虚%20%23kanji,,,
許,http://jisho.org/search/許%20%23kanji,,,
距,http://jisho.org/search/距%20%23kanji,,,
魚,http://jisho.org/search/魚%20%23kanji,,,
御,http://jisho.org/search/御%20%23kanji,,,
漁,http://jisho.org/search/漁%20%23kanji,,,
凶,http://jisho.org/search/凶%20%23kanji,,,
共,http://jisho.org/search/共%20%23kanji,,,
叫,http://jisho.org/search/叫%20%23kanji,,,
狂,http://jisho.org/search/狂%20%23kanji,,,
京,http://jisho.org/search/京%20%23kanji,,,
享,http://jisho.org/search/享%20%23kanji,,,
供,http://jisho.org/search/供%20%23kanji,,,
協,http://jisho.org/search/協%20%23kanji,,,
況,http://jisho.org/search/況%20%23kanji,,,
峡,http://jisho.org/search/峡%20%23kanji,,,
挟,http://jisho.org/search/挟%20%23kanji,,,
狭,http://jisho.org/search/狭%20%23kanji,,,
恐,http://jisho.org/search/恐%20%23kanji,,,
恭,http://jisho.org/search/恭%20%23kanji,,,
胸,http://jisho.org/search/胸%20%23kanji,,,
脅,http://jisho.org/search/脅%20%23kanji,,,
強,http://jisho.org/search/強%20%23kanji,,,
教,http://jisho.org/search/教%20%23kanji,,,
郷,http://jisho.org/search/郷%20%23kanji,,,
境,http://jisho.org/search/境%20%23kanji,,,
橋,http://jisho.org/search/橋%20%23kanji,,,
矯,http://jisho.org/search/矯%20%23kanji,,,
鏡,http://jisho.org/search/鏡%20%23kanji,,,
競,http://jisho.org/search/競%20%23kanji,,,
響,http://jisho.org/search/響%20%23kanji,,,
驚,http://jisho.org/search/驚%20%23kanji,,,
仰,http://jisho.org/search/仰%20%23kanji,,,
暁,http://jisho.org/search/暁%20%23kanji,,,
業,http://jisho.org/search/業%20%23kanji,,,
凝,http://jisho.org/search/凝%20%23kanji,,,
曲,http://jisho.org/search/曲%20%23kanji,,,
局,http://jisho.org/search/局%20%23kanji,,,
極,http://jisho.org/search/極%20%23kanji,,,
玉,http://jisho.org/search/玉%20%23kanji,,,
巾,http://jisho.org/search/巾%20%23kanji,,,
斤,http://jisho.org/search/斤%20%23kanji,,,
均,http://jisho.org/search/均%20%23kanji,,,
近,http://jisho.org/search/近%20%23kanji,,,
金,http://jisho.org/search/金%20%23kanji,,,
菌,http://jisho.org/search/菌%20%23kanji,,,
勤,http://jisho.org/search/勤%20%23kanji,,,
琴,http://jisho.org/search/琴%20%23kanji,,,
筋,http://jisho.org/search/筋%20%23kanji,,,
僅,http://jisho.org/search/僅%20%23kanji,,,
禁,http://jisho.org/search/禁%20%23kanji,,,
緊,http://jisho.org/search/緊%20%23kanji,,,
錦,http://jisho.org/search/錦%20%23kanji,,,
謹,http://jisho.org/search/謹%20%23kanji,,,
襟,http://jisho.org/search/襟%20%23kanji,,,
吟,http://jisho.org/search/吟%20%23kanji,,,
銀,http://jisho.org/search/銀%20%23kanji,,,
区,http://jisho.org/search/区%20%23kanji,,,
句,http://jisho.org/search/句%20%23kanji,,,
苦,http://jisho.org/search/苦%20%23kanji,,,
駆,http://jisho.org/search/駆%20%23kanji,,,
具,http://jisho.org/search/具%20%23kanji,,,
惧,http://jisho.org/search/惧%20%23kanji,,,
愚,http://jisho.org/search/愚%20%23kanji,,,
空,http://jisho.org/search/空%20%23kanji,,,
偶,http://jisho.org/search/偶%20%23kanji,,,
遇,http://jisho.org/search/遇%20%23kanji,,,
隅,http://jisho.org/search/隅%20%23kanji,,,
串,http://jisho.org/search/串%20%23kanji,,,
屈,http://jisho.org/search/屈%20%23kanji,,,
掘,http://jisho.org/search/掘%20%23kanji,,,
窟,http://jisho.org/search/窟%20%23kanji,,,
熊,http://jisho.org/search/熊%20%23kanji,,,
繰,http://jisho.org/search/繰%20%23kanji,,,
君,http://jisho.org/search/君%20%23kanji,,,
訓,http://jisho.org/search/訓%20%23kanji,,,
勲,http://jisho.org/search/勲%20%23kanji,,,
薫,http://jisho.org/search/薫%20%23kanji,,,
軍,http://jisho.org/search/軍%20%23kanji,,,
郡,http://jisho.org/search/郡%20%23kanji,,,
群,http://jisho.org/search/群%20%23kanji,,,
兄,http://jisho.org/search/兄%20%23kanji,,,
刑,http://jisho.org/search/刑%20%23kanji,,,
形,http://jisho.org/search/形%20%23kanji,,,
系,http://jisho.org/search/系%20%23kanji,,,
径,http://jisho.org/search/径%20%23kanji,,,
茎,http://jisho.org/search/茎%20%23kanji,,,
係,http://jisho.org/search/係%20%23kanji,,,
型,http://jisho.org/search/型%20%23kanji,,,
契,http://jisho.org/search/契%20%23kanji,,,
計,http://jisho.org/search/計%20%23kanji,,,
恵,http://jisho.org/search/恵%20%23kanji,,,
啓,http://jisho.org/search/啓%20%23kanji,,,
掲,http://jisho.org/search/掲%20%23kanji,,,
渓,http://jisho.org/search/渓%20%23kanji,,,
経,http://jisho.org/search/経%20%23kanji,,,
蛍,http://jisho.org/search/蛍%20%23kanji,,,
敬,http://jisho.org/search/敬%20%23kanji,,,
景,http://jisho.org/search/景%20%23kanji,,,
軽,http://jisho.org/search/軽%20%23kanji,,,
傾,http://jisho.org/search/傾%20%23kanji,,,
携,http://jisho.org/search/携%20%23kanji,,,
継,http://jisho.org/search/継%20%23kanji,,,
詣,http://jisho.org/search/詣%20%23kanji,,,
慶,http://jisho.org/search/慶%20%23kanji,,,
憬,http://jisho.org/search/憬%20%23kanji,,,
稽,http://jisho.org/search/稽%20%23kanji,,,
憩,http://jisho.org/search/憩%20%23kanji,,,
警,http://jisho.org/search/警%20%23kanji,,,
鶏,http://jisho.org/search/鶏%20%23kanji,,,
芸,http://jisho.org/search/芸%20%23kanji,,,
迎,http://jisho.org/search/迎%20%23kanji,,,
鯨,http://jisho.org/search/鯨%20%23kanji,,,
隙,http://jisho.org/search/隙%20%23kanji,,,
劇,http://jisho.org/search/劇%20%23kanji,,,
撃,http://jisho.org/search/撃%20%23kanji,,,
激,http://jisho.org/search/激%20%23kanji,,,
桁,http://jisho.org/search/桁%20%23kanji,,,
欠,http://jisho.org/search/欠%20%23kanji,,,
穴,http://jisho.org/search/穴%20%23kanji,,,
血,http://jisho.org/search/血%20%23kanji,,,
決,http://jisho.org/search/決%20%23kanji,,,
結,http://jisho.org/search/結%20%23kanji,,,
傑,http://jisho.org/search/傑%20%23kanji,,,
潔,http://jisho.org/search/潔%20%23kanji,,,
月,http://jisho.org/search/月%20%23kanji,,,
犬,http://jisho.org/search/犬%20%23kanji,,,
件,http://jisho.org/search/件%20%23kanji,,,
見,http://jisho.org/search/見%20%23kanji,,,
券,http://jisho.org/search/券%20%23kanji,,,
肩,http://jisho.org/search/肩%20%23kanji,,,
建,http://jisho.org/search/建%20%23kanji,,,
研,http://jisho.org/search/研%20%23kanji,,,
県,http://jisho.org/search/県%20%23kanji,,,
倹,http://jisho.org/search/倹%20%23kanji,,,
兼,http://jisho.org/search/兼%20%23kanji,,,
剣,http://jisho.org/search/剣%20%23kanji,,,
拳,http://jisho.org/search/拳%20%23kanji,,,
軒,http://jisho.org/search/軒%20%23kanji,,,
健,http://jisho.org/search/健%20%23kanji,,,
険,http://jisho.org/search/険%20%23kanji,,,
圏,http://jisho.org/search/圏%20%23kanji,,,
堅,http://jisho.org/search/堅%20%23kanji,,,
検,http://jisho.org/search/検%20%23kanji,,,
嫌,http://jisho.org/search/嫌%20%23kanji,,,
献,http://jisho.org/search/献%20%23kanji,,,
絹,http://jisho.org/search/絹%20%23kanji,,,
遣,http://jisho.org/search/遣%20%23kanji,,,
権,http://jisho.org/search/権%20%23kanji,,,
憲,http://jisho.org/search/憲%20%23kanji,,,
賢,http://jisho.org/search/賢%20%23kanji,,,
謙,http://jisho.org/search/謙%20%23kanji,,,
鍵,http://jisho.org/search/鍵%20%23kanji,,,
繭,http://jisho.org/search/繭%20%23kanji,,,
顕,http://jisho.org/search/顕%20%23kanji,,,
験,http://jisho.org/search/験%20%23kanji,,,
懸,http://jisho.org/search/懸%20%23kanji,,,
元,http://jisho.org/search/元%20%23kanji,,,
幻,http://jisho.org/search/幻%20%23kanji,,,
玄,http://jisho.org/search/玄%20%23kanji,,,
言,http://jisho.org/search/言%20%23kanji,,,
弦,http://jisho.org/search/弦%20%23kanji,,,
限,http://jisho.org/search/限%20%23kanji,,,
原,http://jisho.org/search/原%20%23kanji,,,
現,http://jisho.org/search/現%20%23kanji,,,
舷,http://jisho.org/search/舷%20%23kanji,,,
減,http://jisho.org/search/減%20%23kanji,,,
源,http://jisho.org/search/源%20%23kanji,,,
厳,http://jisho.org/search/厳%20%23kanji,,,
己,http://jisho.org/search/己%20%23kanji,,,
戸,http://jisho.org/search/戸%20%23kanji,,,
古,http://jisho.org/search/古%20%23kanji,,,
呼,http://jisho.org/search/呼%20%23kanji,,,
固,http://jisho.org/search/固%20%23kanji,,,
股,http://jisho.org/search/股%20%23kanji,,,
虎,http://jisho.org/search/虎%20%23kanji,,,
孤,http://jisho.org/search/孤%20%23kanji,,,
弧,http://jisho.org/search/弧%20%23kanji,,,
故,http://jisho.org/search/故%20%23kanji,,,
枯,http://jisho.org/search/枯%20%23kanji,,,
個,http://jisho.org/search/個%20%23kanji,,,
庫,http://jisho.org/search/庫%20%23kanji,,,
湖,http://jisho.org/search/湖%20%23kanji,,,
雇,http://jisho.org/search/雇%20%23kanji,,,
誇,http://jisho.org/search/誇%20%23kanji,,,
鼓,http://jisho.org/search/鼓%20%23kanji,,,
錮,http://jisho.org/search/錮%20%23kanji,,,
顧,http://jisho.org/search/顧%20%23kanji,,,
五,http://jisho.org/search/五%20%23kanji,,,
互,http://jisho.org/search/互%20%23kanji,,,
午,http://jisho.org/search/午%20%23kanji,,,
呉,http://jisho.org/search/呉%20%23kanji,,,
後,http://jisho.org/search/後%20%23kanji,,,
娯,http://jisho.org/search/娯%20%23kanji,,,
悟,http://jisho.org/search/悟%20%23kanji,,,
碁,http://jisho.org/search/碁%20%23kanji,,,
語,http://jisho.org/search/語%20%23kanji,,,
誤,http://jisho.org/search/誤%20%23kanji,,,
護,http://jisho.org/search/護%20%23kanji,,,
口,http://jisho.org/search/口%20%23kanji,,,
工,http://jisho.org/search/工%20%23kanji,,,
公,http://jisho.org/search/公%20%23kanji,,,
勾,http://jisho.org/search/勾%20%23kanji,,,
孔,http://jisho.org/search/孔%20%23kanji,,,
功,http://jisho.org/search/功%20%23kanji,,,
巧,http://jisho.org/search/巧%20%23kanji,,,
広,http://jisho.org/search/広%20%23kanji,,,
甲,http://jisho.org/search/甲%20%23kanji,,,
交,http://jisho.org/search/交%20%23kanji,,,
光,http://jisho.org/search/光%20%23kanji,,,
向,http://jisho.org/search/向%20%23kanji,,,
后,http://jisho.org/search/后%20%23kanji,,,
好,http://jisho.org/search/好%20%23kanji,,,
江,http://jisho.org/search/江%20%23kanji,,,
考,http://jisho.org/search/考%20%23kanji,,,
行,http://jisho.org/search/行%20%23kanji,,,
坑,http://jisho.org/search/坑%20%23kanji,,,
孝,http://jisho.org/search/孝%20%23kanji,,,
抗,http://jisho.org/search/抗%20%23kanji,,,
攻,http://jisho.org/search/攻%20%23kanji,,,
更,http://jisho.org/search/更%20%23kanji,,,
効,http://jisho.org/search/効%20%23kanji,,,
幸,http://jisho.org/search/幸%20%23kanji,,,
拘,http://jisho.org/search/拘%20%23kanji,,,
肯,http://jisho.org/search/肯%20%23kanji,,,
侯,http://jisho.org/search/侯%20%23kanji,,,
厚,http://jisho.org/search/厚%20%23kanji,,,
恒,http://jisho.org/search/恒%20%23kanji,,,
洪,http://jisho.org/search/洪%20%23kanji,,,
皇,http://jisho.org/search/皇%20%23kanji,,,
紅,http://jisho.org/search/紅%20%23kanji,,,
荒,http://jisho.org/search/荒%20%23kanji,,,
郊,http://jisho.org/search/郊%20%23kanji,,,
香,http://jisho.org/search/香%20%23kanji,,,
候,http://jisho.org/search/候%20%23kanji,,,
校,http://jisho.org/search/校%20%23kanji,,,
耕,http://jisho.org/search/耕%20%23kanji,,,
航,http://jisho.org/search/航%20%23kanji,,,
貢,http://jisho.org/search/貢%20%23kanji,,,
降,http://jisho.org/search/降%20%23kanji,,,
高,http://jisho.org/search/高%20%23kanji,,,
康,http://jisho.org/search/康%20%23kanji,,,
控,http://jisho.org/search/控%20%23kanji,,,
梗,http://jisho.org/search/梗%20%23kanji,,,
黄,http://jisho.org/search/黄%20%23kanji,,,
喉,http://jisho.org/search/喉%20%23kanji,,,
慌,http://jisho.org/search/慌%20%23kanji,,,
港,http://jisho.org/search/港%20%23kanji,,,
硬,http://jisho.org/search/硬%20%23kanji,,,
絞,http://jisho.org/search/絞%20%23kanji,,,
項,http://jisho.org/search/項%20%23kanji,,,
溝,http://jisho.org/search/溝%20%23kanji,,,
鉱,http://jisho.org/search/鉱%20%23kanji,,,
構,http://jisho.org/search/構%20%23kanji,,,
綱,http://jisho.org/search/綱%20%23kanji,,,
酵,http://jisho.org/search/酵%20%23kanji,,,
稿,http://jisho.org/search/稿%20%23kanji,,,
興,http://jisho.org/search/興%20%23kanji,,,
衡,http://jisho.org/search/衡%20%23kanji,,,
鋼,http://jisho.org/search/鋼%20%23kanji,,,
講,http://jisho.org/search/講%20%23kanji,,,
購,http://jisho.org/search/購%20%23kanji,,,
乞,http://jisho.org/search/乞%20%23kanji,,,
号,http://jisho.org/search/号%20%23kanji,,,
合,http://jisho.org/search/合%20%23kanji,,,
拷,http://jisho.org/search/拷%20%23kanji,,,
剛,http://jisho.org/search/剛%20%23kanji,,,
傲,http://jisho.org/search/傲%20%23kanji,,,
豪,http://jisho.org/search/豪%20%23kanji,,,
克,http://jisho.org/search/克%20%23kanji,,,
告,http://jisho.org/search/告%20%23kanji,,,
谷,http://jisho.org/search/谷%20%23kanji,,,
刻,http://jisho.org/search/刻%20%23kanji,,,
国,http://jisho.org/search/国%20%23kanji,,,
黒,http://jisho.org/search/黒%20%23kanji,,,
穀,http://jisho.org/search/穀%20%23kanji,,,
酷,http://jisho.org/search/酷%20%23kanji,,,
獄,http://jisho.org/search/獄%20%23kanji,,,
骨,http://jisho.org/search/骨%20%23kanji,,,
駒,http://jisho.org/search/駒%20%23kanji,,,
込,http://jisho.org/search/込%20%23kanji,,,
頃,http://jisho.org/search/頃%20%23kanji,,,
今,http://jisho.org/search/今%20%23kanji,,,
困,http://jisho.org/search/困%20%23kanji,,,
昆,http://jisho.org/search/昆%20%23kanji,,,
恨,http://jisho.org/search/恨%20%23kanji,,,
根,http://jisho.org/search/根%20%23kanji,,,
婚,http://jisho.org/search/婚%20%23kanji,,,
混,http://jisho.org/search/混%20%23kanji,,,
痕,http://jisho.org/search/痕%20%23kanji,,,
紺,http://jisho.org/search/紺%20%23kanji,,,
魂,http://jisho.org/search/魂%20%23kanji,,,
墾,http://jisho.org/search/墾%20%23kanji,,,
懇,http://jisho.org/search/懇%20%23kanji,,,
左,http://jisho.org/search/左%20%23kanji,,,
佐,http://jisho.org/search/佐%20%23kanji,,,
沙,http://jisho.org/search/沙%20%23kanji,,,
査,http://jisho.org/search/査%20%23kanji,,,
砂,http://jisho.org/search/砂%20%23kanji,,,
唆,http://jisho.org/search/唆%20%23kanji,,,
差,http://jisho.org/search/差%20%23kanji,,,
詐,http://jisho.org/search/詐%20%23kanji,,,
鎖,http://jisho.org/search/鎖%20%23kanji,,,
座,http://jisho.org/search/座%20%23kanji,,,
挫,http://jisho.org/search/挫%20%23kanji,,,
才,http://jisho.org/search/才%20%23kanji,,,
再,http://jisho.org/search/再%20%23kanji,,,
災,http://jisho.org/search/災%20%23kanji,,,
妻,http://jisho.org/search/妻%20%23kanji,,,
采,http://jisho.org/search/采%20%23kanji,,,
砕,http://jisho.org/search/砕%20%23kanji,,,
宰,http://jisho.org/search/宰%20%23kanji,,,
栽,http://jisho.org/search/栽%20%23kanji,,,
彩,http://jisho.org/search/彩%20%23kanji,,,
採,http://jisho.org/search/採%20%23kanji,,,
済,http://jisho.org/search/済%20%23kanji,,,
祭,http://jisho.org/search/祭%20%23kanji,,,
斎,http://jisho.org/search/斎%20%23kanji,,,
細,http://jisho.org/search/細%20%23kanji,,,
菜,http://jisho.org/search/菜%20%23kanji,,,
最,http://jisho.org/search/最%20%23kanji,,,
裁,http://jisho.org/search/裁%20%23kanji,,,
債,http://jisho.org/search/債%20%23kanji,,,
催,http://jisho.org/search/催%20%23kanji,,,
塞,http://jisho.org/search/塞%20%23kanji,,,
歳,http://jisho.org/search/歳%20%23kanji,,,
載,http://jisho.org/search/載%20%23kanji,,,
際,http://jisho.org/search/際%20%23kanji,,,
埼,http://jisho.org/search/埼%20%23kanji,,,
在,http://jisho.org/search/在%20%23kanji,,,
材,http://jisho.org/search/材%20%23kanji,,,
剤,http://jisho.org/search/剤%20%23kanji,,,
財,http://jisho.org/search/財%20%23kanji,,,
罪,http://jisho.org/search/罪%20%23kanji,,,
崎,http://jisho.org/search/崎%20%23kanji,,,
作,http://jisho.org/search/作%20%23kanji,,,
削,http://jisho.org/search/削%20%23kanji,,,
昨,http://jisho.org/search/昨%20%23kanji,,,
柵,http://jisho.org/search/柵%20%23kanji,,,
索,http://jisho.org/search/索%20%23kanji,,,
策,http://jisho.org/search/策%20%23kanji,,,
酢,http://jisho.org/search/酢%20%23kanji,,,
搾,http://jisho.org/search/搾%20%23kanji,,,
錯,http://jisho.org/search/錯%20%23kanji,,,
咲,http://jisho.org/search/咲%20%23kanji,,,
冊,http://jisho.org/search/冊%20%23kanji,,,
札,http://jisho.org/search/札%20%23kanji,,,
刷,http://jisho.org/search/刷%20%23kanji,,,
刹,http://jisho.org/search/刹%20%23kanji,,,
拶,http://jisho.org/search/拶%20%23kanji,,,
殺,http://jisho.org/search/殺%20%23kanji,,,
察,http://jisho.org/search/察%20%23kanji,,,
撮,http://jisho.org/search/撮%20%23kanji,,,
擦,http://jisho.org/search/擦%20%23kanji,,,
雑,http://jisho.org/search/雑%20%23kanji,,,
皿,http://jisho.org/search/皿%20%23kanji,,,
三,http://jisho.org/search/三%20%23kanji,,,
山,http://jisho.org/search/山%20%23kanji,,,
参,http://jisho.org/search/参%20%23kanji,,,
桟,http://jisho.org/search/桟%20%23kanji,,,
蚕,http://jisho.org/search/蚕%20%23kanji,,,
惨,http://jisho.org/search/惨%20%23kanji,,,
産,http://jisho.org/search/産%20%23kanji,,,
傘,http://jisho.org/search/傘%20%23kanji,,,
散,http://jisho.org/search/散%20%23kanji,,,
算,http://jisho.org/search/算%20%23kanji,,,
酸,http://jisho.org/search/酸%20%23kanji,,,
賛,http://jisho.org/search/賛%20%23kanji,,,
残,http://jisho.org/search/残%20%23kanji,,,
斬,http://jisho.org/search/斬%20%23kanji,,,
暫,http://jisho.org/search/暫%20%23kanji,,,
士,http://jisho.org/search/士%20%23kanji,,,
子,http://jisho.org/search/子%20%23kanji,,,
支,http://jisho.org/search/支%20%23kanji,,,
止,http://jisho.org/search/止%20%23kanji,,,
氏,http://jisho.org/search/氏%20%23kanji,,,
仕,http://jisho.org/search/仕%20%23kanji,,,
史,http://jisho.org/search/史%20%23kanji,,,
司,http://jisho.org/search/司%20%23kanji,,,
四,http://jisho.org/search/四%20%23kanji,,,
市,http://jisho.org/search/市%20%23kanji,,,
矢,http://jisho.org/search/矢%20%23kanji,,,
旨,http://jisho.org/search/旨%20%23kanji,,,
死,http://jisho.org/search/死%20%23kanji,,,
糸,http://jisho.org/search/糸%20%23kanji,,,
至,http://jisho.org/search/至%20%23kanji,,,
伺,http://jisho.org/search/伺%20%23kanji,,,
志,http://jisho.org/search/志%20%23kanji,,,
私,http://jisho.org/search/私%20%23kanji,,,
使,http://jisho.org/search/使%20%23kanji,,,
刺,http://jisho.org/search/刺%20%23kanji,,,
始,http://jisho.org/search/始%20%23kanji,,,
姉,http://jisho.org/search/姉%20%23kanji,,,
枝,http://jisho.org/search/枝%20%23kanji,,,
祉,http://jisho.org/search/祉%20%23kanji,,,
肢,http://jisho.org/search/肢%20%23kanji,,,
姿,http://jisho.org/search/姿%20%23kanji,,,
思,http://jisho.org/search/思%20%23kanji,,,
指,http://jisho.org/search/指%20%23kanji,,,
施,http://jisho.org/search/施%20%23kanji,,,
師,http://jisho.org/search/師%20%23kanji,,,
恣,http://jisho.org/search/恣%20%23kanji,,,
紙,http://jisho.org/search/紙%20%23kanji,,,
脂,http://jisho.org/search/脂%20%23kanji,,,
視,http://jisho.org/search/視%20%23kanji,,,
紫,http://jisho.org/search/紫%20%23kanji,,,
詞,http://jisho.org/search/詞%20%23kanji,,,
歯,http://jisho.org/search/歯%20%23kanji,,,
嗣,http://jisho.org/search/嗣%20%23kanji,,,
試,http://jisho.org/search/試%20%23kanji,,,
詩,http://jisho.org/search/詩%20%23kanji,,,
資,http://jisho.org/search/資%20%23kanji,,,
飼,http://jisho.org/search/飼%20%23kanji,,,
誌,http://jisho.org/search/誌%20%23kanji,,,
雌,http://jisho.org/search/雌%20%23kanji,,,
摯,http://jisho.org/search/摯%20%23kanji,,,
賜,http://jisho.org/search/賜%20%23kanji,,,
諮,http://jisho.org/search/諮%20%23kanji,,,
示,http://jisho.org/search/示%20%23kanji,,,
字,http://jisho.org/search/字%20%23kanji,,,
寺,http://jisho.org/search/寺%20%23kanji,,,
次,http://jisho.org/search/次%20%23kanji,,,
耳,http://jisho.org/search/耳%20%23kanji,,,
自,http://jisho.org/search/自%20%23kanji,,,
似,http://jisho.org/search/似%20%23kanji,,,
児,http://jisho.org/search/児%20%23kanji,,,
事,http://jisho.org/search/事%20%23kanji,,,
侍,http://jisho.org/search/侍%20%23kanji,,,
治,http://jisho.org/search/治%20%23kanji,,,
持,http://jisho.org/search/持%20%23kanji,,,
時,http://jisho.org/search/時%20%23kanji,,,
滋,http://jisho.org/search/滋%20%23kanji,,,
慈,http://jisho.org/search/慈%20%23kanji,,,
辞,http://jisho.org/search/辞%20%23kanji,,,
磁,http://jisho.org/search/磁%20%23kanji,,,
餌,http://jisho.org/search/餌%20%23kanji,,,
璽,http://jisho.org/search/璽%20%23kanji,,,
鹿,http://jisho.org/search/鹿%20%23kanji,,,
式,http://jisho.org/search/式%20%23kanji,,,
識,http://jisho.org/search/識%20%23kanji,,,
軸,http://jisho.org/search/軸%20%23kanji,,,
七,http://jisho.org/search/七%20%23kanji,,,
𠮟,http://jisho.org/search/𠮟%20%23kanji,,,
失,http://jisho.org/search/失%20%23kanji,,,
室,http://jisho.org/search/室%20%23kanji,,,
疾,http://jisho.org/search/疾%20%23kanji,,,
執,http://jisho.org/search/執%20%23kanji,,,
湿,http://jisho.org/search/湿%20%23kanji,,,
嫉,http://jisho.org/search/嫉%20%23kanji,,,
漆,http://jisho.org/search/漆%20%23kanji,,,
質,http://jisho.org/search/質%20%23kanji,,,
実,http://jisho.org/search/実%20%23kanji,,,
芝,http://jisho.org/search/芝%20%23kanji,,,
写,http://jisho.org/search/写%20%23kanji,,,
社,http://jisho.org/search/社%20%23kanji,,,
車,http://jisho.org/search/車%20%23kanji,,,
舎,http://jisho.org/search/舎%20%23kanji,,,
者,http://jisho.org/search/者%20%23kanji,,,
射,http://jisho.org/search/射%20%23kanji,,,
捨,http://jisho.org/search/捨%20%23kanji,,,
赦,http://jisho.org/search/赦%20%23kanji,,,
斜,http://jisho.org/search/斜%20%23kanji,,,
煮,http://jisho.org/search/煮%20%23kanji,,,
遮,http://jisho.org/search/遮%20%23kanji,,,
謝,http://jisho.org/search/謝%20%23kanji,,,
邪,http://jisho.org/search/邪%20%23kanji,,,
蛇,http://jisho.org/search/蛇%20%23kanji,,,
尺,http://jisho.org/search/尺%20%23kanji,,,
借,http://jisho.org/search/借%20%23kanji,,,
酌,http://jisho.org/search/酌%20%23kanji,,,
釈,http://jisho.org/search/釈%20%23kanji,,,
爵,http://jisho.org/search/爵%20%23kanji,,,
若,http://jisho.org/search/若%20%23kanji,,,
弱,http://jisho.org/search/弱%20%23kanji,,,
寂,http://jisho.org/search/寂%20%23kanji,,,
手,http://jisho.org/search/手%20%23kanji,,,
主,http://jisho.org/search/主%20%23kanji,,,
守,http://jisho.org/search/守%20%23kanji,,,
朱,http://jisho.org/search/朱%20%23kanji,,,
取,http://jisho.org/search/取%20%23kanji,,,
狩,http://jisho.org/search/狩%20%23kanji,,,
首,http://jisho.org/search/首%20%23kanji,,,
殊,http://jisho.org/search/殊%20%23kanji,,,
珠,http://jisho.org/search/珠%20%23kanji,,,
酒,http://jisho.org/search/酒%20%23kanji,,,
腫,http://jisho.org/search/腫%20%23kanji,,,
種,http://jisho.org/search/種%20%23kanji,,,
趣,http://jisho.org/search/趣%20%23kanji,,,
寿,http://jisho.org/search/寿%20%23kanji,,,
受,http://jisho.org/search/受%20%23kanji,,,
呪,http://jisho.org/search/呪%20%23kanji,,,
授,http://jisho.org/search/授%20%23kanji,,,
需,http://jisho.org/search/需%20%23kanji,,,
儒,http://jisho.org/search/儒%20%23kanji,,,
樹,http://jisho.org/search/樹%20%23kanji,,,
収,http://jisho.org/search/収%20%23kanji,,,
囚,http://jisho.org/search/囚%20%23kanji,,,
州,http://jisho.org/search/州%20%23kanji,,,
舟,http://jisho.org/search/舟%20%23kanji,,,
秀,http://jisho.org/search/秀%20%23kanji,,,
周,http://jisho.org/search/周%20%23kanji,,,
宗,http://jisho.org/search/宗%20%23kanji,,,
拾,http://jisho.org/search/拾%20%23kanji,,,
秋,http://jisho.org/search/秋%20%23kanji,,,
臭,http://jisho.org/search/臭%20%23kanji,,,
修,http://jisho.org/search/修%20%23kanji,,,
袖,http://jisho.org/search/袖%20%23kanji,,,
終,http://jisho.org/search/終%20%23kanji,,,
羞,http://jisho.org/search/羞%20%23kanji,,,
習,http://jisho.org/search/習%20%23kanji,,,
週,http://jisho.org/search/週%20%23kanji,,,
就,http://jisho.org/search/就%20%23kanji,,,
衆,http://jisho.org/search/衆%20%23kanji,,,
集,http://jisho.org/search/集%20%23kanji,,,
愁,http://jisho.org/search/愁%20%23kanji,,,
酬,http://jisho.org/search/酬%20%23kanji,,,
醜,http://jisho.org/search/醜%20%23kanji,,,
蹴,http://jisho.org/search/蹴%20%23kanji,,,
襲,http://jisho.org/search/襲%20%23kanji,,,
十,http://jisho.org/search/十%20%23kanji,,,
汁,http://jisho.org/search/汁%20%23kanji,,,
充,http://jisho.org/search/充%20%23kanji,,,
住,http://jisho.org/search/住%20%23kanji,,,
柔,http://jisho.org/search/柔%20%23kanji,,,
重,http://jisho.org/search/重%20%23kanji,,,
従,http://jisho.org/search/従%20%23kanji,,,
渋,http://jisho.org/search/渋%20%23kanji,,,
銃,http://jisho.org/search/銃%20%23kanji,,,
獣,http://jisho.org/search/獣%20%23kanji,,,
縦,http://jisho.org/search/縦%20%23kanji,,,
叔,http://jisho.org/search/叔%20%23kanji,,,
祝,http://jisho.org/search/祝%20%23kanji,,,
宿,http://jisho.org/search/宿%20%23kanji,,,
淑,http://jisho.org/search/淑%20%23kanji,,,
粛,http://jisho.org/search/粛%20%23kanji,,,
縮,http://jisho.org/search/縮%20%23kanji,,,
塾,http://jisho.org/search/塾%20%23kanji,,,
熟,http://jisho.org/search/熟%20%23kanji,,,
出,http://jisho.org/search/出%20%23kanji,,,
述,http://jisho.org/search/述%20%23kanji,,,
術,http://jisho.org/search/術%20%23kanji,,,
俊,http://jisho.org/search/俊%20%23kanji,,,
春,http://jisho.org/search/春%20%23kanji,,,
瞬,http://jisho.org/search/瞬%20%23kanji,,,
旬,http://jisho.org/search/旬%20%23kanji,,,
巡,http://jisho.org/search/巡%20%23kanji,,,
盾,http://jisho.org/search/盾%20%23kanji,,,
准,http://jisho.org/search/准%20%23kanji,,,
殉,http://jisho.org/search/殉%20%23kanji,,,
純,http://jisho.org/search/純%20%23kanji,,,
循,http://jisho.org/search/循%20%23kanji,,,
順,http://jisho.org/search/順%20%23kanji,,,
準,http://jisho.org/search/準%20%23kanji,,,
潤,http://jisho.org/search/潤%20%23kanji,,,
遵,http://jisho.org/search/遵%20%23kanji,,,
処,http://jisho.org/search/処%20%23kanji,,,
初,http://jisho.org/search/初%20%23kanji,,,
所,http://jisho.org/search/所%20%23kanji,,,
書,http://jisho.org/search/書%20%23kanji,,,
庶,http://jisho.org/search/庶%20%23kanji,,,
暑,http://jisho.org/search/暑%20%23kanji,,,
署,http://jisho.org/search/署%20%23kanji,,,
緒,http://jisho.org/search/緒%20%23kanji,,,
諸,http://jisho.org/search/諸%20%23kanji,,,
女,http://jisho.org/search/女%20%23kanji,,,
如,http://jisho.org/search/如%20%23kanji,,,
助,http://jisho.org/search/助%20%23kanji,,,
序,http://jisho.org/search/序%20%23kanji,,,
叙,http://jisho.org/search/叙%20%23kanji,,,
徐,http://jisho.org/search/徐%20%23kanji,,,
除,http://jisho.org/search/除%20%23kanji,,,
小,http://jisho.org/search/小%20%23kanji,,,
升,http://jisho.org/search/升%20%23kanji,,,
少,http://jisho.org/search/少%20%23kanji,,,
召,http://jisho.org/search/召%20%23kanji,,,
匠,http://jisho.org/search/匠%20%23kanji,,,
床,http://jisho.org/search/床%20%23kanji,,,
抄,http://jisho.org/search/抄%20%23kanji,,,
肖,http://jisho.org/search/肖%20%23kanji,,,
尚,http://jisho.org/search/尚%20%23kanji,,,
招,http://jisho.org/search/招%20%23kanji,,,
承,http://jisho.org/search/承%20%23kanji,,,
昇,http://jisho.org/search/昇%20%23kanji,,,
松,http://jisho.org/search/松%20%23kanji,,,
沼,http://jisho.org/search/沼%20%23kanji,,,
昭,http://jisho.org/search/昭%20%23kanji,,,
宵,http://jisho.org/search/宵%20%23kanji,,,
将,http://jisho.org/search/将%20%23kanji,,,
消,http://jisho.org/search/消%20%23kanji,,,
症,http://jisho.org/search/症%20%23kanji,,,
祥,http://jisho.org/search/祥%20%23kanji,,,
称,http://jisho.org/search/称%20%23kanji,,,
笑,http://jisho.org/search/笑%20%23kanji,,,
唱,http://jisho.org/search/唱%20%23kanji,,,
商,http://jisho.org/search/商%20%23kanji,,,
渉,http://jisho.org/search/渉%20%23kanji,,,
章,http://jisho.org/search/章%20%23kanji,,,
紹,http://jisho.org/search/紹%20%23kanji,,,
訟,http://jisho.org/search/訟%20%23kanji,,,
勝,http://jisho.org/search/勝%20%23kanji,,,
掌,http://jisho.org/search/掌%20%23kanji,,,
晶,http://jisho.org/search/晶%20%23kanji,,,
焼,http://jisho.org/search/焼%20%23kanji,,,
焦,http://jisho.org/search/焦%20%23kanji,,,
硝,http://jisho.org/search/硝%20%23kanji,,,
粧,http://jisho.org/search/粧%20%23kanji,,,
詔,http://jisho.org/search/詔%20%23kanji,,,
証,http://jisho.org/search/証%20%23kanji,,,
象,http://jisho.org/search/象%20%23kanji,,,
傷,http://jisho.org/search/傷%20%23kanji,,,
奨,http://jisho.org/search/奨%20%23kanji,,,
照,http://jisho.org/search/照%20%23kanji,,,
詳,http://jisho.org/search/詳%20%23kanji,,,
彰,http://jisho.org/search/彰%20%23kanji,,,
障,http://jisho.org/search/障%20%23kanji,,,
憧,http://jisho.org/search/憧%20%23kanji,,,
衝,http://jisho.org/search/衝%20%23kanji,,,
賞,http://jisho.org/search/賞%20%23kanji,,,
償,http://jisho.org/search/償%20%23kanji,,,
礁,http://jisho.org/search/礁%20%23kanji,,,
鐘,http://jisho.org/search/鐘%20%23kanji,,,
上,http://jisho.org/search/上%20%23kanji,,,
丈,http://jisho.org/search/丈%20%23kanji,,,
冗,http://jisho.org/search/冗%20%23kanji,,,
条,http://jisho.org/search/条%20%23kanji,,,
状,http://jisho.org/search/状%20%23kanji,,,
乗,http://jisho.org/search/乗%20%23kanji,,,
城,http://jisho.org/search/城%20%23kanji,,,
浄,http://jisho.org/search/浄%20%23kanji,,,
剰,http://jisho.org/search/剰%20%23kanji,,,
常,http://jisho.org/search/常%20%23kanji,,,
情,http://jisho.org/search/情%20%23kanji,,,
場,http://jisho.org/search/場%20%23kanji,,,
畳,http://jisho.org/search/畳%20%23kanji,,,
蒸,http://jisho.org/search/蒸%20%23kanji,,,
縄,http://jisho.org/search/縄%20%23kanji,,,
壌,http://jisho.org/search/壌%20%23kanji,,,
嬢,http://jisho.org/search/嬢%20%23kanji,,,
錠,http://jisho.org/search/錠%20%23kanji,,,
譲,http://jisho.org/search/譲%20%23kanji,,,
醸,http://jisho.org/search/醸%20%23kanji,,,
色,http://jisho.org/search/色%20%23kanji,,,
拭,http://jisho.org/search/拭%20%23kanji,,,
食,http://jisho.org/search/食%20%23kanji,,,
植,http://jisho.org/search/植%20%23kanji,,,
殖,http://jisho.org/search/殖%20%23kanji,,,
飾,http://jisho.org/search/飾%20%23kanji,,,
触,http://jisho.org/search/触%20%23kanji,,,
嘱,http://jisho.org/search/嘱%20%23kanji,,,
織,http://jisho.org/search/織%20%23kanji,,,
職,http://jisho.org/search/職%20%23kanji,,,
辱,http://jisho.org/search/辱%20%23kanji,,,
尻,http://jisho.org/search/尻%20%23kanji,,,
心,http://jisho.org/search/心%20%23kanji,,,
申,http://jisho.org/search/申%20%23kanji,,,
伸,http://jisho.org/search/伸%20%23kanji,,,
臣,http://jisho.org/search/臣%20%23kanji,,,
芯,http://jisho.org/search/芯%20%23kanji,,,
身,http://jisho.org/search/身%20%23kanji,,,
辛,http://jisho.org/search/辛%20%23kanji,,,
侵,http://jisho.org/search/侵%20%23kanji,,,
信,http://jisho.org/search/信%20%23kanji,,,
津,http://jisho.org/search/津%20%23kanji,,,
神,http://jisho.org/search/神%20%23kanji,,,
唇,http://jisho.org/search/唇%20%23kanji,,,
娠,http://jisho.org/search/娠%20%23kanji,,,
振,http://jisho.org/search/振%20%23kanji,,,
浸,http://jisho.org/search/浸%20%23kanji,,,
真,http://jisho.org/search/真%20%23kanji,,,
針,http://jisho.org/search/針%20%23kanji,,,
深,http://jisho.org/search/深%20%23kanji,,,
紳,http://jisho.org/search/紳%20%23kanji,,,
進,http://jisho.org/search/進%20%23kanji,,,
森,http://jisho.org/search/森%20%23kanji,,,
診,http://jisho.org/search/診%20%23kanji,,,
寝,http://jisho.org/search/寝%20%23kanji,,,
慎,http://jisho.org/search/慎%20%23kanji,,,
新,http://jisho.org/search/新%20%23kanji,,,
審,http://jisho.org/search/審%20%23kanji,,,
震,http://jisho.org/search/震%20%23kanji,,,
薪,http://jisho.org/search/薪%20%23kanji,,,
親,http://jisho.org/search/親%20%23kanji,,,
人,http://jisho.org/search/人%20%23kanji,,,
刃,http://jisho.org/search/刃%20%23kanji,,,
仁,http://jisho.org/search/仁%20%23kanji,,,
尽,http://jisho.org/search/尽%20%23kanji,,,
迅,http://jisho.org/search/迅%20%23kanji,,,
甚,http://jisho.org/search/甚%20%23kanji,,,
陣,http://jisho.org/search/陣%20%23kanji,,,
尋,http://jisho.org/search/尋%20%23kanji,,,
腎,http://jisho.org/search/腎%20%23kanji,,,
須,http://jisho.org/search/須%20%23kanji,,,
図,http://jisho.org/search/図%20%23kanji,,,
水,http://jisho.org/search/水%20%23kanji,,,
吹,http://jisho.org/search/吹%20%23kanji,,,
垂,http://jisho.org/search/垂%20%23kanji,,,
炊,http://jisho.org/search/炊%20%23kanji,,,
帥,http://jisho.org/search/帥%20%23kanji,,,
粋,http://jisho.org/search/粋%20%23kanji,,,
衰,http://jisho.org/search/衰%20%23kanji,,,
推,http://jisho.org/search/推%20%23kanji,,,
酔,http://jisho.org/search/酔%20%23kanji,,,
遂,http://jisho.org/search/遂%20%23kanji,,,
睡,http://jisho.org/search/睡%20%23kanji,,,
穂,http://jisho.org/search/穂%20%23kanji,,,
随,http://jisho.org/search/随%20%23kanji,,,
髄,http://jisho.org/search/髄%20%23kanji,,,
枢,http://jisho.org/search/枢%20%23kanji,,,
崇,http://jisho.org/search/崇%20%23kanji,,,
数,http://jisho.org/search/数%20%23kanji,,,
据,http://jisho.org/search/据%20%23kanji,,,
杉,http://jisho.org/search/杉%20%23kanji,,,
裾,http://jisho.org/search/裾%20%23kanji,,,
寸,http://jisho.org/search/寸%20%23kanji,,,
瀬,http://jisho.org/search/瀬%20%23kanji,,,
是,http://jisho.org/search/是%20%23kanji,,,
井,http://jisho.org/search/井%20%23kanji,,,
世,http://jisho.org/search/世%20%23kanji,,,
正,http://jisho.org/search/正%20%23kanji,,,
生,http://jisho.org/search/生%20%23kanji,,,
成,http://jisho.org/search/成%20%23kanji,,,
西,http://jisho.org/search/西%20%23kanji,,,
声,http://jisho.org/search/声%20%23kanji,,,
制,http://jisho.org/search/制%20%23kanji,,,
姓,http://jisho.org/search/姓%20%23kanji,,,
征,http://jisho.org/search/征%20%23kanji,,,
性,http://jisho.org/search/性%20%23kanji,,,
青,http://jisho.org/search/青%20%23kanji,,,
斉,http://jisho.org/search/斉%20%23kanji,,,
政,http://jisho.org/search/政%20%23kanji,,,
星,http://jisho.org/search/星%20%23kanji,,,
牲,http://jisho.org/search/牲%20%23kanji,,,
省,http://jisho.org/search/省%20%23kanji,,,
凄,http://jisho.org/search/凄%20%23kanji,,,
逝,http://jisho.org/search/逝%20%23kanji,,,
清,http://jisho.org/search/清%20%23kanji,,,
盛,http://jisho.org/search/盛%20%23kanji,,,
婿,http://jisho.org/search/婿%20%23kanji,,,
晴,http://jisho.org/search/晴%20%23kanji,,,
勢,http://jisho.org/search/勢%20%23kanji,,,
聖,http://jisho.org/search/聖%20%23kanji,,,
誠,http://jisho.org/search/誠%20%23kanji,,,
精,http://jisho.org/search/精%20%23kanji,,,
製,http://jisho.org/search/製%20%23kanji,,,
誓,http://jisho.org/search/誓%20%23kanji,,,
静,http://jisho.org/search/静%20%23kanji,,,
請,http://jisho.org/search/請%20%23kanji,,,
整,http://jisho.org/search/整%20%23kanji,,,
醒,http://jisho.org/search/醒%20%23kanji,,,
税,http://jisho.org/search/税%20%23kanji,,,
夕,http://jisho.org/search/夕%20%23kanji,,,
斥,http://jisho.org/search/斥%20%23kanji,,,
石,http://jisho.org/search/石%20%23kanji,,,
赤,http://jisho.org/search/赤%20%23kanji,,,
昔,http://jisho.org/search/昔%20%23kanji,,,
析,http://jisho.org/search/析%20%23kanji,,,
席,http://jisho.org/search/席%20%23kanji,,,
脊,http://jisho.org/search/脊%20%23kanji,,,
隻,http://jisho.org/search/隻%20%23kanji,,,
惜,http://jisho.org/search/惜%20%23kanji,,,
戚,http://jisho.org/search/戚%20%23kanji,,,
責,http://jisho.org/search/責%20%23kanji,,,
跡,http://jisho.org/search/跡%20%23kanji,,,
積,http://jisho.org/search/積%20%23kanji,,,
績,http://jisho.org/search/績%20%23kanji,,,
籍,http://jisho.org/search/籍%20%23kanji,,,
切,http://jisho.org/search/切%20%23kanji,,,
折,http://jisho.org/search/折%20%23kanji,,,
拙,http://jisho.org/search/拙%20%23kanji,,,
窃,http://jisho.org/search/窃%20%23kanji,,,
接,http://jisho.org/search/接%20%23kanji,,,
設,http://jisho.org/search/設%20%23kanji,,,
雪,http://jisho.org/search/雪%20%23kanji,,,
摂,http://jisho.org/search/摂%20%23kanji,,,
節,http://jisho.org/search/節%20%23kanji,,,
説,http://jisho.org/search/説%20%23kanji,,,
舌,http://jisho.org/search/舌%20%23kanji,,,
絶,http://jisho.org/search/絶%20%23kanji,,,
千,http://jisho.org/search/千%20%23kanji,,,
川,http://jisho.org/search/川%20%23kanji,,,
仙,http://jisho.org/search/仙%20%23kanji,,,
占,http://jisho.org/search/占%20%23kanji,,,
先,http://jisho.org/search/先%20%23kanji,,,
宣,http://jisho.org/search/宣%20%23kanji,,,
専,http://jisho.org/search/専%20%23kanji,,,
泉,http://jisho.org/search/泉%20%23kanji,,,
浅,http://jisho.org/search/浅%20%23kanji,,,
洗,http://jisho.org/search/洗%20%23kanji,,,
染,http://jisho.org/search/染%20%23kanji,,,
扇,http://jisho.org/search/扇%20%23kanji,,,
栓,http://jisho.org/search/栓%20%23kanji,,,
旋,http://jisho.org/search/旋%20%23kanji,,,
船,http://jisho.org/search/船%20%23kanji,,,
戦,http://jisho.org/search/戦%20%23kanji,,,
煎,http://jisho.org/search/煎%20%23kanji,,,
羨,http://jisho.org/search/羨%20%23kanji,,,
腺,http://jisho.org/search/腺%20%23kanji,,,
詮,http://jisho.org/search/詮%20%23kanji,,,
践,http://jisho.org/search/践%20%23kanji,,,
箋,http://jisho.org/search/箋%20%23kanji,,,
銭,http://jisho.org/search/銭%20%23kanji,,,
潜,http://jisho.org/search/潜%20%23kanji,,,
線,http://jisho.org/search/線%20%23kanji,,,
遷,http://jisho.org/search/遷%20%23kanji,,,
選,http://jisho.org/search/選%20%23kanji,,,
薦,http://jisho.org/search/薦%20%23kanji,,,
繊,http://jisho.org/search/繊%20%23kanji,,,
鮮,http://jisho.org/search/鮮%20%23kanji,,,
全,http://jisho.org/search/全%20%23kanji,,,
前,http://jisho.org/search/前%20%23kanji,,,
善,http://jisho.org/search/善%20%23kanji,,,
然,http://jisho.org/search/然%20%23kanji,,,
禅,http://jisho.org/search/禅%20%23kanji,,,
漸,http://jisho.org/search/漸%20%23kanji,,,
膳,http://jisho.org/search/膳%20%23kanji,,,
繕,http://jisho.org/search/繕%20%23kanji,,,
狙,http://jisho.org/search/狙%20%23kanji,,,
阻,http://jisho.org/search/阻%20%23kanji,,,
祖,http://jisho.org/search/祖%20%23kanji,,,
租,http://jisho.org/search/租%20%23kanji,,,
素,http://jisho.org/search/素%20%23kanji,,,
措,http://jisho.org/search/措%20%23kanji,,,
粗,http://jisho.org/search/粗%20%23kanji,,,
組,http://jisho.org/search/組%20%23kanji,,,
疎,http://jisho.org/search/疎%20%23kanji,,,
訴,http://jisho.org/search/訴%20%23kanji,,,
塑,http://jisho.org/search/塑%20%23kanji,,,
遡,http://jisho.org/search/遡%20%23kanji,,,
礎,http://jisho.org/search/礎%20%23kanji,,,
双,http://jisho.org/search/双%20%23kanji,,,
壮,http://jisho.org/search/壮%20%23kanji,,,
早,http://jisho.org/search/早%20%23kanji,,,
争,http://jisho.org/search/争%20%23kanji,,,
走,http://jisho.org/search/走%20%23kanji,,,
奏,http://jisho.org/search/奏%20%23kanji,,,
相,http://jisho.org/search/相%20%23kanji,,,
荘,http://jisho.org/search/荘%20%23kanji,,,
草,http://jisho.org/search/草%20%23kanji,,,
送,http://jisho.org/search/送%20%23kanji,,,
倉,http://jisho.org/search/倉%20%23kanji,,,
捜,http://jisho.org/search/捜%20%23kanji,,,
挿,http://jisho.org/search/挿%20%23kanji,,,
桑,http://jisho.org/search/桑%20%23kanji,,,
巣,http://jisho.org/search/巣%20%23kanji,,,
掃,http://jisho.org/search/掃%20%23kanji,,,
曹,http://jisho.org/search/曹%20%23kanji,,,
曽,http://jisho.org/search/曽%20%23kanji,,,
爽,http://jisho.org/search/爽%20%23kanji,,,
窓,http://jisho.org/search/窓%20%23kanji,,,
創,http://jisho.org/search/創%20%23kanji,,,
喪,http://jisho.org/search/喪%20%23kanji,,,
痩,http://jisho.org/search/痩%20%23kanji,,,
葬,http://jisho.org/search/葬%20%23kanji,,,
装,http://jisho.org/search/装%20%23kanji,,,
僧,http://jisho.org/search/僧%20%23kanji,,,
想,http://jisho.org/search/想%20%23kanji,,,
層,http://jisho.org/search/層%20%23kanji,,,
総,http://jisho.org/search/総%20%23kanji,,,
遭,http://jisho.org/search/遭%20%23kanji,,,
槽,http://jisho.org/search/槽%20%23kanji,,,
踪,http://jisho.org/search/踪%20%23kanji,,,
操,http://jisho.org/search/操%20%23kanji,,,
燥,http://jisho.org/search/燥%20%23kanji,,,
霜,http://jisho.org/search/霜%20%23kanji,,,
騒,http://jisho.org/search/騒%20%23kanji,,,
藻,http://jisho.org/search/藻%20%23kanji,,,
造,http://jisho.org/search/造%20%23kanji,,,
像,http://jisho.org/search/像%20%23kanji,,,
増,http://jisho.org/search/増%20%23kanji,,,
憎,http://jisho.org/search/憎%20%23kanji,,,
蔵,http://jisho.org/search/蔵%20%23kanji,,,
贈,http://jisho.org/search/贈%20%23kanji,,,
臓,http://jisho.org/search/臓%20%23kanji,,,
即,http://jisho.org/search/即%20%23kanji,,,
束,http://jisho.org/search/束%20%23kanji,,,
足,http://jisho.org/search/足%20%23kanji,,,
促,http://jisho.org/search/促%20%23kanji,,,
則,http://jisho.org/search/則%20%23kanji,,,
息,http://jisho.org/search/息%20%23kanji,,,
捉,http://jisho.org/search/捉%20%23kanji,,,
速,http://jisho.org/search/速%20%23kanji,,,
側,http://jisho.org/search/側%20%23kanji,,,
測,http://jisho.org/search/測%20%23kanji,,,
俗,http://jisho.org/search/俗%20%23kanji,,,
族,http://jisho.org/search/族%20%23kanji,,,
属,http://jisho.org/search/属%20%23kanji,,,
賊,http://jisho.org/search/賊%20%23kanji,,,
続,http://jisho.org/search/続%20%23kanji,,,
卒,http://jisho.org/search/卒%20%23kanji,,,
率,http://jisho.org/search/率%20%23kanji,,,
存,http://jisho.org/search/存%20%23kanji,,,
村,http://jisho.org/search/村%20%23kanji,,,
孫,http://jisho.org/search/孫%20%23kanji,,,
尊,http://jisho.org/search/尊%20%23kanji,,,
損,http://jisho.org/search/損%20%23kanji,,,
遜,http://jisho.org/search/遜%20%23kanji,,,
他,http://jisho.org/search/他%20%23kanji,,,
多,http://jisho.org/search/多%20%23kanji,,,
汰,http://jisho.org/search/汰%20%23kanji,,,
打,http://jisho.org/search/打%20%23kanji,,,
妥,http://jisho.org/search/妥%20%23kanji,,,
唾,http://jisho.org/search/唾%20%23kanji,,,
堕,http://jisho.org/search/堕%20%23kanji,,,
惰,http://jisho.org/search/惰%20%23kanji,,,
駄,http://jisho.org/search/駄%20%23kanji,,,
太,http://jisho.org/search/太%20%23kanji,,,
対,http://jisho.org/search/対%20%23kanji,,,
体,http://jisho.org/search/体%20%23kanji,,,
耐,http://jisho.org/search/耐%20%23kanji,,,
待,http://jisho.org/search/待%20%23kanji,,,
怠,http://jisho.org/search/怠%20%23kanji,,,
胎,http://jisho.org/search/胎%20%23kanji,,,
退,http://jisho.org/search/退%20%23kanji,,,
帯,http://jisho.org/search/帯%20%23kanji,,,
泰,http://jisho.org/search/泰%20%23kanji,,,
堆,http://jisho.org/search/堆%20%23kanji,,,
袋,http://jisho.org/search/袋%20%23kanji,,,
逮,http://jisho.org/search/逮%20%23kanji,,,
替,http://jisho.org/search/替%20%23kanji,,,
貸,http://jisho.org/search/貸%20%23kanji,,,
隊,http://jisho.org/search/隊%20%23kanji,,,
滞,http://jisho.org/search/滞%20%23kanji,,,
態,http://jisho.org/search/態%20%23kanji,,,
戴,http://jisho.org/search/戴%20%23kanji,,,
大,http://jisho.org/search/大%20%23kanji,,,
代,http://jisho.org/search/代%20%23kanji,,,
台,http://jisho.org/search/台%20%23kanji,,,
第,http://jisho.org/search/第%20%23kanji,,,
題,http://jisho.org/search/題%20%23kanji,,,
滝,http://jisho.org/search/滝%20%23kanji,,,
宅,http://jisho.org/search/宅%20%23kanji,,,
択,http://jisho.org/search/択%20%23kanji,,,
沢,http://jisho.org/search/沢%20%23kanji,,,
卓,http://jisho.org/search/卓%20%23kanji,,,
拓,http://jisho.org/search/拓%20%23kanji,,,
託,http://jisho.org/search/託%20%23kanji,,,
濯,http://jisho.org/search/濯%20%23kanji,,,
諾,http://jisho.org/search/諾%20%23kanji,,,
濁,http://jisho.org/search/濁%20%23kanji,,,
但,http://jisho.org/search/但%20%23kanji,,,
達,http://jisho.org/search/達%20%23kanji,,,
脱,http://jisho.org/search/脱%20%23kanji,,,
奪,http://jisho.org/search/奪%20%23kanji,,,
棚,http://jisho.org/search/棚%20%23kanji,,,
誰,http://jisho.org/search/誰%20%23kanji,,,
丹,http://jisho.org/search/丹%20%23kanji,,,
旦,http://jisho.org/search/旦%20%23kanji,,,
担,http://jisho.org/search/担%20%23kanji,,,
単,http://jisho.org/search/単%20%23kanji,,,
炭,http://jisho.org/search/炭%20%23kanji,,,
胆,http://jisho.org/search/胆%20%23kanji,,,
探,http://jisho.org/search/探%20%23kanji,,,
淡,http://jisho.org/search/淡%20%23kanji,,,
短,http://jisho.org/search/短%20%23kanji,,,
嘆,http://jisho.org/search/嘆%20%23kanji,,,
端,http://jisho.org/search/端%20%23kanji,,,
綻,http://jisho.org/search/綻%20%23kanji,,,
誕,http://jisho.org/search/誕%20%23kanji,,,
鍛,http://jisho.org/search/鍛%20%23kanji,,,
団,http://jisho.org/search/団%20%23kanji,,,
男,http://jisho.org/search/男%20%23kanji,,,
段,http://jisho.org/search/段%20%23kanji,,,
断,http://jisho.org/search/断%20%23kanji,,,
弾,http://jisho.org/search/弾%20%23kanji,,,
暖,http://jisho.org/search/暖%20%23kanji,,,
談,http://jisho.org/search/談%20%23kanji,,,
壇,http://jisho.org/search/壇%20%23kanji,,,
地,http://jisho.org/search/地%20%23kanji,,,
池,http://jisho.org/search/池%20%23kanji,,,
知,http://jisho.org/search/知%20%23kanji,,,
値,http://jisho.org/search/値%20%23kanji,,,
恥,http://jisho.org/search/恥%20%23kanji,,,
致,http://jisho.org/search/致%20%23kanji,,,
遅,http://jisho.org/search/遅%20%23kanji,,,
痴,http://jisho.org/search/痴%20%23kanji,,,
稚,http://jisho.org/search/稚%20%23kanji,,,
置,http://jisho.org/search/置%20%23kanji,,,
緻,http://jisho.org/search/緻%20%23kanji,,,
竹,http://jisho.org/search/竹%20%23kanji,,,
畜,http://jisho.org/search/畜%20%23kanji,,,
逐,http://jisho.org/search/逐%20%23kanji,,,
蓄,http://jisho.org/search/蓄%20%23kanji,,,
築,http://jisho.org/search/築%20%23kanji,,,
秩,http://jisho.org/search/秩%20%23kanji,,,
窒,http://jisho.org/search/窒%20%23kanji,,,
茶,http://jisho.org/search/茶%20%23kanji,,,
着,http://jisho.org/search/着%20%23kanji,,,
嫡,http://jisho.org/search/嫡%20%23kanji,,,
中,http://jisho.org/search/中%20%23kanji,,,
仲,http://jisho.org/search/仲%20%23kanji,,,
虫,http://jisho.org/search/虫%20%23kanji,,,
沖,http://jisho.org/search/沖%20%23kanji,,,
宙,http://jisho.org/search/宙%20%23kanji,,,
忠,http://jisho.org/search/忠%20%23kanji,,,
抽,http://jisho.org/search/抽%20%23kanji,,,
注,http://jisho.org/search/注%20%23kanji,,,
昼,http://jisho.org/search/昼%20%23kanji,,,
柱,http://jisho.org/search/柱%20%23kanji,,,
衷,http://jisho.org/search/衷%20%23kanji,,,
酎,http://jisho.org/search/酎%20%23kanji,,,
鋳,http://jisho.org/search/鋳%20%23kanji,,,
駐,http://jisho.org/search/駐%20%23kanji,,,
著,http://jisho.org/search/著%20%23kanji,,,
貯,http://jisho.org/search/貯%20%23kanji,,,
丁,http://jisho.org/search/丁%20%23kanji,,,
弔,http://jisho.org/search/弔%20%23kanji,,,
庁,http://jisho.org/search/庁%20%23kanji,,,
兆,http://jisho.org/search/兆%20%23kanji,,,
町,http://jisho.org/search/町%20%23kanji,,,
長,http://jisho.org/search/長%20%23kanji,,,
挑,http://jisho.org/search/挑%20%23kanji,,,
帳,http://jisho.org/search/帳%20%23kanji,,,
張,http://jisho.org/search/張%20%23kanji,,,
彫,http://jisho.org/search/彫%20%23kanji,,,
眺,http://jisho.org/search/眺%20%23kanji,,,
釣,http://jisho.org/search/釣%20%23kanji,,,
頂,http://jisho.org/search/頂%20%23kanji,,,
鳥,http://jisho.org/search/鳥%20%23kanji,,,
朝,http://jisho.org/search/朝%20%23kanji,,,
貼,http://jisho.org/search/貼%20%23kanji,,,
超,http://jisho.org/search/超%20%23kanji,,,
腸,http://jisho.org/search/腸%20%23kanji,,,
跳,http://jisho.org/search/跳%20%23kanji,,,
徴,http://jisho.org/search/徴%20%23kanji,,,
嘲,http://jisho.org/search/嘲%20%23kanji,,,
潮,http://jisho.org/search/潮%20%23kanji,,,
澄,http://jisho.org/search/澄%20%23kanji,,,
調,http://jisho.org/search/調%20%23kanji,,,
聴,http://jisho.org/search/聴%20%23kanji,,,
懲,http://jisho.org/search/懲%20%23kanji,,,
直,http://jisho.org/search/直%20%23kanji,,,
勅,http://jisho.org/search/勅%20%23kanji,,,
捗,http://jisho.org/search/捗%20%23kanji,,,
沈,http://jisho.org/search/沈%20%23kanji,,,
珍,http://jisho.org/search/珍%20%23kanji,,,
朕,http://jisho.org/search/朕%20%23kanji,,,
陳,http://jisho.org/search/陳%20%23kanji,,,
賃,http://jisho.org/search/賃%20%23kanji,,,
鎮,http://jisho.org/search/鎮%20%23kanji,,,
追,http://jisho.org/search/追%20%23kanji,,,
椎,http://jisho.org/search/椎%20%23kanji,,,
墜,http://jisho.org/search/墜%20%23kanji,,,
通,http://jisho.org/search/通%20%23kanji,,,
痛,http://jisho.org/search/痛%20%23kanji,,,
塚,http://jisho.org/search/塚%20%23kanji,,,
漬,http://jisho.org/search/漬%20%23kanji,,,
坪,http://jisho.org/search/坪%20%23kanji,,,
爪,http://jisho.org/search/爪%20%23kanji,,,
鶴,http://jisho.org/search/鶴%20%23kanji,,,
低,http://jisho.org/search/低%20%23kanji,,,
呈,http://jisho.org/search/呈%20%23kanji,,,
廷,http://jisho.org/search/廷%20%23kanji,,,
弟,http://jisho.org/search/弟%20%23kanji,,,
定,http://jisho.org/search/定%20%23kanji,,,
底,http://jisho.org/search/底%20%23kanji,,,
抵,http://jisho.org/search/抵%20%23kanji,,,
邸,http://jisho.org/search/邸%20%23kanji,,,
亭,http://jisho.org/search/亭%20%23kanji,,,
貞,http://jisho.org/search/貞%20%23kanji,,,
帝,http://jisho.org/search/帝%20%23kanji,,,
訂,http://jisho.org/search/訂%20%23kanji,,,
庭,http://jisho.org/search/庭%20%23kanji,,,
逓,http://jisho.org/search/逓%20%23kanji,,,
停,http://jisho.org/search/停%20%23kanji,,,
偵,http://jisho.org/search/偵%20%23kanji,,,
堤,http://jisho.org/search/堤%20%23kanji,,,
提,http://jisho.org/search/提%20%23kanji,,,
程,http://jisho.org/search/程%20%23kanji,,,
艇,http://jisho.org/search/艇%20%23kanji,,,
締,http://jisho.org/search/締%20%23kanji,,,
諦,http://jisho.org/search/諦%20%23kanji,,,
泥,http://jisho.org/search/泥%20%23kanji,,,
的,http://jisho.org/search/的%20%23kanji,,,
笛,http://jisho.org/search/笛%20%23kanji,,,
摘,http://jisho.org/search/摘%20%23kanji,,,
滴,http://jisho.org/search/滴%20%23kanji,,,
適,http://jisho.org/search/適%20%23kanji,,,
敵,http://jisho.org/search/敵%20%23kanji,,,
溺,http://jisho.org/search/溺%20%23kanji,,,
迭,http://jisho.org/search/迭%20%23kanji,,,
哲,http://jisho.org/search/哲%20%23kanji,,,
鉄,http://jisho.org/search/鉄%20%23kanji,,,
徹,http://jisho.org/search/徹%20%23kanji,,,
撤,http://jisho.org/search/撤%20%23kanji,,,
天,http://jisho.org/search/天%20%23kanji,,,
典,http://jisho.org/search/典%20%23kanji,,,
店,http://jisho.org/search/店%20%23kanji,,,
点,http://jisho.org/search/点%20%23kanji,,,
展,http://jisho.org/search/展%20%23kanji,,,
添,http://jisho.org/search/添%20%23kanji,,,
転,http://jisho.org/search/転%20%23kanji,,,
塡,http://jisho.org/search/塡%20%23kanji,,,
田,http://jisho.org/search/田%20%23kanji,,,
伝,http://jisho.org/search/伝%20%23kanji,,,
殿,http://jisho.org/search/殿%20%23kanji,,,
電,http://jisho.org/search/電%20%23kanji,,,
斗,http://jisho.org/search/斗%20%23kanji,,,
吐,http://jisho.org/search/吐%20%23kanji,,,
妬,http://jisho.org/search/妬%20%23kanji,,,
徒,http://jisho.org/search/徒%20%23kanji,,,
途,http://jisho.org/search/途%20%23kanji,,,
都,http://jisho.org/search/都%20%23kanji,,,
渡,http://jisho.org/search/渡%20%23kanji,,,
塗,http://jisho.org/search/塗%20%23kanji,,,
賭,http://jisho.org/search/賭%20%23kanji,,,
土,http://jisho.org/search/土%20%23kanji,,,
奴,http://jisho.org/search/奴%20%23kanji,,,
努,http://jisho.org/search/努%20%23kanji,,,
度,http://jisho.org/search/度%20%23kanji,,,
怒,http://jisho.org/search/怒%20%23kanji,,,
刀,http://jisho.org/search/刀%20%23kanji,,,
冬,http://jisho.org/search/冬%20%23kanji,,,
灯,http://jisho.org/search/灯%20%23kanji,,,
当,http://jisho.org/search/当%20%23kanji,,,
投,http://jisho.org/search/投%20%23kanji,,,
豆,http://jisho.org/search/豆%20%23kanji,,,
東,http://jisho.org/search/東%20%23kanji,,,
到,http://jisho.org/search/到%20%23kanji,,,
逃,http://jisho.org/search/逃%20%23kanji,,,
倒,http://jisho.org/search/倒%20%23kanji,,,
凍,http://jisho.org/search/凍%20%23kanji,,,
唐,http://jisho.org/search/唐%20%23kanji,,,
島,http://jisho.org/search/島%20%23kanji,,,
桃,http://jisho.org/search/桃%20%23kanji,,,
討,http://jisho.org/search/討%20%23kanji,,,
透,http://jisho.org/search/透%20%23kanji,,,
党,http://jisho.org/search/党%20%23kanji,,,
悼,http://jisho.org/search/悼%20%23kanji,,,
盗,http://jisho.org/search/盗%20%23kanji,,,
陶,http://jisho.org/search/陶%20%23kanji,,,
塔,http://jisho.org/search/塔%20%23kanji,,,
搭,http://jisho.org/search/搭%20%23kanji,,,
棟,http://jisho.org/search/棟%20%23kanji,,,
湯,http://jisho.org/search/湯%20%23kanji,,,
痘,http://jisho.org/search/痘%20%23kanji,,,
登,http://jisho.org/search/登%20%23kanji,,,
答,http://jisho.org/search/答%20%23kanji,,,
等,http://jisho.org/search/等%20%23kanji,,,
筒,http://jisho.org/search/筒%20%23kanji,,,
統,http://jisho.org/search/統%20%23kanji,,,
稲,http://jisho.org/search/稲%20%23kanji,,,
踏,http://jisho.org/search/踏%20%23kanji,,,
糖,http://jisho.org/search/糖%20%23kanji,,,
頭,http://jisho.org/search/頭%20%23kanji,,,
謄,http://jisho.org/search/謄%20%23kanji,,,
藤,http://jisho.org/search/藤%20%23kanji,,,
闘,http://jisho.org/search/闘%20%23kanji,,,
騰,http://jisho.org/search/騰%20%23kanji,,,
同,http://jisho.org/search/同%20%23kanji,,,
洞,http://jisho.org/search/洞%20%23kanji,,,
胴,http://jisho.org/search/胴%20%23kanji,,,
動,http://jisho.org/search/動%20%23kanji,,,
堂,http://jisho.org/search/堂%20%23kanji,,,
童,http://jisho.org/search/童%20%23kanji,,,
道,http://jisho.org/search/道%20%23kanji,,,
働,http://jisho.org/search/働%20%23kanji,,,
銅,http://jisho.org/search/銅%20%23kanji,,,
導,http://jisho.org/search/導%20%23kanji,,,
瞳,http://jisho.org/search/瞳%20%23kanji,,,
峠,http://jisho.org/search/峠%20%23kanji,,,
匿,http://jisho.org/search/匿%20%23kanji,,,
特,http://jisho.org/search/特%20%23kanji,,,
得,http://jisho.org/search/得%20%23kanji,,,
督,http://jisho.org/search/督%20%23kanji,,,
徳,http://jisho.org/search/徳%20%23kanji,,,
篤,http://jisho.org/search/篤%20%23kanji,,,
毒,http://jisho.org/search/毒%20%23kanji,,,
独,http://jisho.org/search/独%20%23kanji,,,
読,http://jisho.org/search/読%20%23kanji,,,
栃,http://jisho.org/search/栃%20%23kanji,,,
凸,http://jisho.org/search/凸%20%23kanji,,,
突,http://jisho.org/search/突%20%23kanji,,,
届,http://jisho.org/search/届%20%23kanji,,,
屯,http://jisho.org/search/屯%20%23kanji,,,
豚,http://jisho.org/search/豚%20%23kanji,,,
頓,http://jisho.org/search/頓%20%23kanji,,,
貪,http://jisho.org/search/貪%20%23kanji,,,
鈍,http://jisho.org/search/鈍%20%23kanji,,,
曇,http://jisho.org/search/曇%20%23kanji,,,
丼,http://jisho.org/search/丼%20%23kanji,,,
那,http://jisho.org/search/那%20%23kanji,,,
奈,http://jisho.org/search/奈%20%23kanji,,,
内,http://jisho.org/search/内%20%23kanji,,,
梨,http://jisho.org/search/梨%20%23kanji,,,
謎,http://jisho.org/search/謎%20%23kanji,,,
鍋,http://jisho.org/search/鍋%20%23kanji,,,
南,http://jisho.org/search/南%20%23kanji,,,
軟,http://jisho.org/search/軟%20%23kanji,,,
難,http://jisho.org/search/難%20%23kanji,,,
二,http://jisho.org/search/二%20%23kanji,,,
尼,http://jisho.org/search/尼%20%23kanji,,,
弐,http://jisho.org/search/弐%20%23kanji,,,
匂,http://jisho.org/search/匂%20%23kanji,,,
肉,http://jisho.org/search/肉%20%23kanji,,,
虹,http://jisho.org/search/虹%20%23kanji,,,
日,http://jisho.org/search/日%20%23kanji,,,
入,http://jisho.org/search/入%20%23kanji,,,
乳,http://jisho.org/search/乳%20%23kanji,,,
尿,http://jisho.org/search/尿%20%23kanji,,,
任,http://jisho.org/search/任%20%23kanji,,,
妊,http://jisho.org/search/妊%20%23kanji,,,
忍,http://jisho.org/search/忍%20%23kanji,,,
認,http://jisho.org/search/認%20%23kanji,,,
寧,http://jisho.org/search/寧%20%23kanji,,,
熱,http://jisho.org/search/熱%20%23kanji,,,
年,http://jisho.org/search/年%20%23kanji,,,
念,http://jisho.org/search/念%20%23kanji,,,
捻,http://jisho.org/search/捻%20%23kanji,,,
粘,http://jisho.org/search/粘%20%23kanji,,,
燃,http://jisho.org/search/燃%20%23kanji,,,
悩,http://jisho.org/search/悩%20%23kanji,,,
納,http://jisho.org/search/納%20%23kanji,,,
能,http://jisho.org/search/能%20%23kanji,,,
脳,http://jisho.org/search/脳%20%23kanji,,,
農,http://jisho.org/search/農%20%23kanji,,,
濃,http://jisho.org/search/濃%20%23kanji,,,
把,http://jisho.org/search/把%20%23kanji,,,
波,http://jisho.org/search/波%20%23kanji,,,
派,http://jisho.org/search/派%20%23kanji,,,
破,http://jisho.org/search/破%20%23kanji,,,
覇,http://jisho.org/search/覇%20%23kanji,,,
馬,http://jisho.org/search/馬%20%23kanji,,,
婆,http://jisho.org/search/婆%20%23kanji,,,
罵,http://jisho.org/search/罵%20%23kanji,,,
拝,http://jisho.org/search/拝%20%23kanji,,,
杯,http://jisho.org/search/杯%20%23kanji,,,
背,http://jisho.org/search/背%20%23kanji,,,
肺,http://jisho.org/search/肺%20%23kanji,,,
俳,http://jisho.org/search/俳%20%23kanji,,,
配,http://jisho.org/search/配%20%23kanji,,,
排,http://jisho.org/search/排%20%23kanji,,,
敗,http://jisho.org/search/敗%20%23kanji,,,
廃,http://jisho.org/search/廃%20%23kanji,,,
輩,http://jisho.org/search/輩%20%23kanji,,,
売,http://jisho.org/search/売%20%23kanji,,,
倍,http://jisho.org/search/倍%20%23kanji,,,
梅,http://jisho.org/search/梅%20%23kanji,,,
培,http://jisho.org/search/培%20%23kanji,,,
陪,http://jisho.org/search/陪%20%23kanji,,,
媒,http://jisho.org/search/媒%20%23kanji,,,
買,http://jisho.org/search/買%20%23kanji,,,
賠,http://jisho.org/search/賠%20%23kanji,,,
白,http://jisho.org/search/白%20%23kanji,,,
伯,http://jisho.org/search/伯%20%23kanji,,,
拍,http://jisho.org/search/拍%20%23kanji,,,
泊,http://jisho.org/search/泊%20%23kanji,,,
迫,http://jisho.org/search/迫%20%23kanji,,,
剝,http://jisho.org/search/剝%20%23kanji,,,
舶,http://jisho.org/search/舶%20%23kanji,,,
博,http://jisho.org/search/博%20%23kanji,,,
薄,http://jisho.org/search/薄%20%23kanji,,,
麦,http://jisho.org/search/麦%20%23kanji,,,
漠,http://jisho.org/search/漠%20%23kanji,,,
縛,http://jisho.org/search/縛%20%23kanji,,,
爆,http://jisho.org/search/爆%20%23kanji,,,
箱,http://jisho.org/search/箱%20%23kanji,,,
箸,http://jisho.org/search/箸%20%23kanji,,,
畑,http://jisho.org/search/畑%20%23kanji,,,
肌,http://jisho.org/search/肌%20%23kanji,,,
八,http://jisho.org/search/八%20%23kanji,,,
鉢,http://jisho.org/search/鉢%20%23kanji,,,
発,http://jisho.org/search/発%20%23kanji,,,
髪,http://jisho.org/search/髪%20%23kanji,,,
伐,http://jisho.org/search/伐%20%23kanji,,,
抜,http://jisho.org/search/抜%20%23kanji,,,
罰,http://jisho.org/search/罰%20%23kanji,,,
閥,http://jisho.org/search/閥%20%23kanji,,,
反,http://jisho.org/search/反%20%23kanji,,,
半,http://jisho.org/search/半%20%23kanji,,,
氾,http://jisho.org/search/氾%20%23kanji,,,
犯,http://jisho.org/search/犯%20%23kanji,,,
帆,http://jisho.org/search/帆%20%23kanji,,,
汎,http://jisho.org/search/汎%20%23kanji,,,
伴,http://jisho.org/search/伴%20%23kanji,,,
判,http://jisho.org/search/判%20%23kanji,,,
坂,http://jisho.org/search/坂%20%23kanji,,,
阪,http://jisho.org/search/阪%20%23kanji,,,
板,http://jisho.org/search/板%20%23kanji,,,
版,http://jisho.org/search/版%20%23kanji,,,
班,http://jisho.org/search/班%20%23kanji,,,
畔,http://jisho.org/search/畔%20%23kanji,,,
般,http://jisho.org/search/般%20%23kanji,,,
販,http://jisho.org/search/販%20%23kanji,,,
斑,http://jisho.org/search/斑%20%23kanji,,,
飯,http://jisho.org/search/飯%20%23kanji,,,
搬,http://jisho.org/search/搬%20%23kanji,,,
煩,http://jisho.org/search/煩%20%23kanji,,,
頒,http://jisho.org/search/頒%20%23kanji,,,
範,http://jisho.org/search/範%20%23kanji,,,
繁,http://jisho.org/search/繁%20%23kanji,,,
藩,http://jisho.org/search/藩%20%23kanji,,,
晩,http://jisho.org/search/晩%20%23kanji,,,
番,http://jisho.org/search/番%20%23kanji,,,
蛮,http://jisho.org/search/蛮%20%23kanji,,,
盤,http://jisho.org/search/盤%20%23kanji,,,
比,http://jisho.org/search/比%20%23kanji,,,
皮,http://jisho.org/search/皮%20%23kanji,,,
妃,http://jisho.org/search/妃%20%23kanji,,,
否,http://jisho.org/search/否%20%23kanji,,,
批,http://jisho.org/search/批%20%23kanji,,,
彼,http://jisho.org/search/彼%20%23kanji,,,
披,http://jisho.org/search/披%20%23kanji,,,
肥,http://jisho.org/search/肥%20%23kanji,,,
非,http://jisho.org/search/非%20%23kanji,,,
卑,http://jisho.org/search/卑%20%23kanji,,,
飛,http://jisho.org/search/飛%20%23kanji,,,
疲,http://jisho.org/search/疲%20%23kanji,,,
秘,http://jisho.org/search/秘%20%23kanji,,,
被,http://jisho.org/search/被%20%23kanji,,,
悲,http://jisho.org/search/悲%20%23kanji,,,
扉,http://jisho.org/search/扉%20%23kanji,,,
費,http://jisho.org/search/費%20%23kanji,,,
碑,http://jisho.org/search/碑%20%23kanji,,,
罷,http://jisho.org/search/罷%20%23kanji,,,
避,http://jisho.org/search/避%20%23kanji,,,
尾,http://jisho.org/search/尾%20%23kanji,,,
眉,http://jisho.org/search/眉%20%23kanji,,,
美,http://jisho.org/search/美%20%23kanji,,,
備,http://jisho.org/search/備%20%23kanji,,,
微,http://jisho.org/search/微%20%23kanji,,,
鼻,http://jisho.org/search/鼻%20%23kanji,,,
膝,http://jisho.org/search/膝%20%23kanji,,,
肘,http://jisho.org/search/肘%20%23kanji,,,
匹,http://jisho.org/search/匹%20%23kanji,,,
必,http://jisho.org/search/必%20%23kanji,,,
泌,http://jisho.org/search/泌%20%23kanji,,,
筆,http://jisho.org/search/筆%20%23kanji,,,
姫,http://jisho.org/search/姫%20%23kanji,,,
百,http://jisho.org/search/百%20%23kanji,,,
氷,http://jisho.org/search/氷%20%23kanji,,,
表,http://jisho.org/search/表%20%23kanji,,,
俵,http://jisho.org/search/俵%20%23kanji,,,
票,http://jisho.org/search/票%20%23kanji,,,
評,http://jisho.org/search/評%20%23kanji,,,
漂,http://jisho.org/search/漂%20%23kanji,,,
標,http://jisho.org/search/標%20%23kanji,,,
苗,http://jisho.org/search/苗%20%23kanji,,,
秒,http://jisho.org/search/秒%20%23kanji,,,
病,http://jisho.org/search/病%20%23kanji,,,
描,http://jisho.org/search/描%20%23kanji,,,
猫,http://jisho.org/search/猫%20%23kanji,,,
品,http://jisho.org/search/品%20%23kanji,,,
浜,http://jisho.org/search/浜%20%23kanji,,,
貧,http://jisho.org/search/貧%20%23kanji,,,
賓,http://jisho.org/search/賓%20%23kanji,,,
頻,http://jisho.org/search/頻%20%23kanji,,,
敏,http://jisho.org/search/敏%20%23kanji,,,
瓶,http://jisho.org/search/瓶%20%23kanji,,,
不,http://jisho.org/search/不%20%23kanji,,,
夫,http://jisho.org/search/夫%20%23kanji,,,
父,http://jisho.org/search/父%20%23kanji,,,
付,http://jisho.org/search/付%20%23kanji,,,
布,http://jisho.org/search/布%20%23kanji,,,
扶,http://jisho.org/search/扶%20%23kanji,,,
府,http://jisho.org/search/府%20%23kanji,,,
怖,http://jisho.org/search/怖%20%23kanji,,,
阜,http://jisho.org/search/阜%20%23kanji,,,
附,http://jisho.org/search/附%20%23kanji,,,
訃,http://jisho.org/search/訃%20%23kanji,,,
負,http://jisho.org/search/負%20%23kanji,,,
赴,http://jisho.org/search/赴%20%23kanji,,,
浮,http://jisho.org/search/浮%20%23kanji,,,
婦,http://jisho.org/search/婦%20%23kanji,,,
符,http://jisho.org/search/符%20%23kanji,,,
富,http://jisho.org/search/富%20%23kanji,,,
普,http://jisho.org/search/普%20%23kanji,,,
腐,http://jisho.org/search/腐%20%23kanji,,,
敷,http://jisho.org/search/敷%20%23kanji,,,
膚,http://jisho.org/search/膚%20%23kanji,,,
賦,http://jisho.org/search/賦%20%23kanji,,,
譜,http://jisho.org/search/譜%20%23kanji,,,
侮,http://jisho.org/search/侮%20%23kanji,,,
武,http://jisho.org/search/武%20%23kanji,,,
部,http://jisho.org/search/部%20%23kanji,,,
舞,http://jisho.org/search/舞%20%23kanji,,,
封,http://jisho.org/search/封%20%23kanji,,,
風,http://jisho.org/search/風%20%23kanji,,,
伏,http://jisho.org/search/伏%20%23kanji,,,
服,http://jisho.org/search/服%20%23kanji,,,
副,http://jisho.org/search/副%20%23kanji,,,
幅,http://jisho.org/search/幅%20%23kanji,,,
復,http://jisho.org/search/復%20%23kanji,,,
福,http://jisho.org/search/福%20%23kanji,,,
腹,http://jisho.org/search/腹%20%23kanji,,,
複,http://jisho.org/search/複%20%23kanji,,,
覆,http://jisho.org/search/覆%20%23kanji,,,
払,http://jisho.org/search/払%20%23kanji,,,
沸,http://jisho.org/search/沸%20%23kanji,,,
仏,http://jisho.org/search/仏%20%23kanji,,,
物,http://jisho.org/search/物%20%23kanji,,,
粉,http://jisho.org/search/粉%20%23kanji,,,
紛,http://jisho.org/search/紛%20%23kanji,,,
雰,http://jisho.org/search/雰%20%23kanji,,,
噴,http://jisho.org/search/噴%20%23kanji,,,
墳,http://jisho.org/search/墳%20%23kanji,,,
憤,http://jisho.org/search/憤%20%23kanji,,,
奮,http://jisho.org/search/奮%20%23kanji,,,
分,http://jisho.org/search/分%20%23kanji,,,
文,http://jisho.org/search/文%20%23kanji,,,
聞,http://jisho.org/search/聞%20%23kanji,,,
丙,http://jisho.org/search/丙%20%23kanji,,,
平,http://jisho.org/search/平%20%23kanji,,,
兵,http://jisho.org/search/兵%20%23kanji,,,
併,http://jisho.org/search/併%20%23kanji,,,
並,http://jisho.org/search/並%20%23kanji,,,
柄,http://jisho.org/search/柄%20%23kanji,,,
陛,http://jisho.org/search/陛%20%23kanji,,,
閉,http://jisho.org/search/閉%20%23kanji,,,
塀,http://jisho.org/search/塀%20%23kanji,,,
幣,http://jisho.org/search/幣%20%23kanji,,,
弊,http://jisho.org/search/弊%20%23kanji,,,
蔽,http://jisho.org/search/蔽%20%23kanji,,,
餅,http://jisho.org/search/餅%20%23kanji,,,
米,http://jisho.org/search/米%20%23kanji,,,
壁,http://jisho.org/search/壁%20%23kanji,,,
璧,http://jisho.org/search/璧%20%23kanji,,,
癖,http://jisho.org/search/癖%20%23kanji,,,
別,http://jisho.org/search/別%20%23kanji,,,
蔑,http://jisho.org/search/蔑%20%23kanji,,,
片,http://jisho.org/search/片%20%23kanji,,,
辺,http://jisho.org/search/辺%20%23kanji,,,
返,http://jisho.org/search/返%20%23kanji,,,
変,http://jisho.org/search/変%20%23kanji,,,
偏,http://jisho.org/search/偏%20%23kanji,,,
遍,http://jisho.org/search/遍%20%23kanji,,,
編,http://jisho.org/search/編%20%23kanji,,,
弁,http://jisho.org/search/弁%20%23kanji,,,
便,http://jisho.org/search/便%20%23kanji,,,
勉,http://jisho.org/search/勉%20%23kanji,,,
歩,http://jisho.org/search/歩%20%23kanji,,,
保,http://jisho.org/search/保%20%23kanji,,,
哺,http://jisho.org/search/哺%20%23kanji,,,
捕,http://jisho.org/search/捕%20%23kanji,,,
補,http://jisho.org/search/補%20%23kanji,,,
舗,http://jisho.org/search/舗%20%23kanji,,,
母,http://jisho.org/search/母%20%23kanji,,,
募,http://jisho.org/search/募%20%23kanji,,,
墓,http://jisho.org/search/墓%20%23kanji,,,
慕,http://jisho.org/search/慕%20%23kanji,,,
暮,http://jisho.org/search/暮%20%23kanji,,,
簿,http://jisho.org/search/簿%20%23kanji,,,
方,http://jisho.org/search/方%20%23kanji,,,
包,http://jisho.org/search/包%20%23kanji,,,
芳,http://jisho.org/search/芳%20%23kanji,,,
邦,http://jisho.org/search/邦%20%23kanji,,,
奉,http://jisho.org/search/奉%20%23kanji,,,
宝,http://jisho.org/search/宝%20%23kanji,,,
抱,http://jisho.org/search/抱%20%23kanji,,,
放,http://jisho.org/search/放%20%23kanji,,,
法,http://jisho.org/search/法%20%23kanji,,,
泡,http://jisho.org/search/泡%20%23kanji,,,
胞,http://jisho.org/search/胞%20%23kanji,,,
俸,http://jisho.org/search/俸%20%23kanji,,,
倣,http://jisho.org/search/倣%20%23kanji,,,
峰,http://jisho.org/search/峰%20%23kanji,,,
砲,http://jisho.org/search/砲%20%23kanji,,,
崩,http://jisho.org/search/崩%20%23kanji,,,
訪,http://jisho.org/search/訪%20%23kanji,,,
報,http://jisho.org/search/報%20%23kanji,,,
蜂,http://jisho.org/search/蜂%20%23kanji,,,
豊,http://jisho.org/search/豊%20%23kanji,,,
飽,http://jisho.org/search/飽%20%23kanji,,,
褒,http://jisho.org/search/褒%20%23kanji,,,
縫,http://jisho.org/search/縫%20%23kanji,,,
亡,http://jisho.org/search/亡%20%23kanji,,,
乏,http://jisho.org/search/乏%20%23kanji,,,
忙,http://jisho.org/search/忙%20%23kanji,,,
坊,http://jisho.org/search/坊%20%23kanji,,,
妨,http://jisho.org/search/妨%20%23kanji,,,
忘,http://jisho.org/search/忘%20%23kanji,,,
防,http://jisho.org/search/防%20%23kanji,,,
房,http://jisho.org/search/房%20%23kanji,,,
肪,http://jisho.org/search/肪%20%23kanji,,,
某,http://jisho.org/search/某%20%23kanji,,,
冒,http://jisho.org/search/冒%20%23kanji,,,
剖,http://jisho.org/search/剖%20%23kanji,,,
紡,http://jisho.org/search/紡%20%23kanji,,,
望,http://jisho.org/search/望%20%23kanji,,,
傍,http://jisho.org/search/傍%20%23kanji,,,
帽,http://jisho.org/search/帽%20%23kanji,,,
棒,http://jisho.org/search/棒%20%23kanji,,,
貿,http://jisho.org/search/貿%20%23kanji,,,
貌,http://jisho.org/search/貌%20%23kanji,,,
暴,http://jisho.org/search/暴%20%23kanji,,,
膨,http://jisho.org/search/膨%20%23kanji,,,
謀,http://jisho.org/search/謀%20%23kanji,,,
頰,http://jisho.org/search/頰%20%23kanji,,,
北,http://jisho.org/search/北%20%23kanji,,,
木,http://jisho.org/search/木%20%23kanji,,,
朴,http://jisho.org/search/朴%20%23kanji,,,
牧,http://jisho.org/search/牧%20%23kanji,,,
睦,http://jisho.org/search/睦%20%23kanji,,,
僕,http://jisho.org/search/僕%20%23kanji,,,
墨,http://jisho.org/search/墨%20%23kanji,,,
撲,http://jisho.org/search/撲%20%23kanji,,,
没,http://jisho.org/search/没%20%23kanji,,,
勃,http://jisho.org/search/勃%20%23kanji,,,
堀,http://jisho.org/search/堀%20%23kanji,,,
本,http://jisho.org/search/本%20%23kanji,,,
奔,http://jisho.org/search/奔%20%23kanji,,,
翻,http://jisho.org/search/翻%20%23kanji,,,
凡,http://jisho.org/search/凡%20%23kanji,,,
盆,http://jisho.org/search/盆%20%23kanji,,,
麻,http://jisho.org/search/麻%20%23kanji,,,
摩,http://jisho.org/search/摩%20%23kanji,,,
磨,http://jisho.org/search/磨%20%23kanji,,,
魔,http://jisho.org/search/魔%20%23kanji,,,
毎,http://jisho.org/search/毎%20%23kanji,,,
妹,http://jisho.org/search/妹%20%23kanji,,,
枚,http://jisho.org/search/枚%20%23kanji,,,
昧,http://jisho.org/search/昧%20%23kanji,,,
埋,http://jisho.org/search/埋%20%23kanji,,,
幕,http://jisho.org/search/幕%20%23kanji,,,
膜,http://jisho.org/search/膜%20%23kanji,,,
枕,http://jisho.org/search/枕%20%23kanji,,,
又,http://jisho.org/search/又%20%23kanji,,,
末,http://jisho.org/search/末%20%23kanji,,,
抹,http://jisho.org/search/抹%20%23kanji,,,
万,http://jisho.org/search/万%20%23kanji,,,
満,http://jisho.org/search/満%20%23kanji,,,
慢,http://jisho.org/search/慢%20%23kanji,,,
漫,http://jisho.org/search/漫%20%23kanji,,,
未,http://jisho.org/search/未%20%23kanji,,,
味,http://jisho.org/search/味%20%23kanji,,,
魅,http://jisho.org/search/魅%20%23kanji,,,
岬,http://jisho.org/search/岬%20%23kanji,,,
密,http://jisho.org/search/密%20%23kanji,,,
蜜,http://jisho.org/search/蜜%20%23kanji,,,
脈,http://jisho.org/search/脈%20%23kanji,,,
妙,http://jisho.org/search/妙%20%23kanji,,,
民,http://jisho.org/search/民%20%23kanji,,,
眠,http://jisho.org/search/眠%20%23kanji,,,
矛,http://jisho.org/search/矛%20%23kanji,,,
務,http://jisho.org/search/務%20%23kanji,,,
無,http://jisho.org/search/無%20%23kanji,,,
夢,http://jisho.org/search/夢%20%23kanji,,,
霧,http://jisho.org/search/霧%20%23kanji,,,
娘,http://jisho.org/search/娘%20%23kanji,,,
名,http://jisho.org/search/名%20%23kanji,,,
命,http://jisho.org/search/命%20%23kanji,,,
明,http://jisho.org/search/明%20%23kanji,,,
迷,http://jisho.org/search/迷%20%23kanji,,,
冥,http://jisho.org/search/冥%20%23kanji,,,
盟,http://jisho.org/search/盟%20%23kanji,,,
銘,http://jisho.org/search/銘%20%23kanji,,,
鳴,http://jisho.org/search/鳴%20%23kanji,,,
滅,http://jisho.org/search/滅%20%23kanji,,,
免,http://jisho.org/search/免%20%23kanji,,,
面,http://jisho.org/search/面%20%23kanji,,,
綿,http://jisho.org/search/綿%20%23kanji,,,
麺,http://jisho.org/search/麺%20%23kanji,,,
茂,http://jisho.org/search/茂%20%23kanji,,,
模,http://jisho.org/search/模%20%23kanji,,,
毛,http://jisho.org/search/毛%20%23kanji,,,
妄,http://jisho.org/search/妄%20%23kanji,,,
盲,http://jisho.org/search/盲%20%23kanji,,,
耗,http://jisho.org/search/耗%20%23kanji,,,
猛,http://jisho.org/search/猛%20%23kanji,,,
網,http://jisho.org/search/網%20%23kanji,,,
目,http://jisho.org/search/目%20%23kanji,,,
黙,http://jisho.org/search/黙%20%23kanji,,,
門,http://jisho.org/search/門%20%23kanji,,,
紋,http://jisho.org/search/紋%20%23kanji,,,
問,http://jisho.org/search/問%20%23kanji,,,
冶,http://jisho.org/search/冶%20%23kanji,,,
夜,http://jisho.org/search/夜%20%23kanji,,,
野,http://jisho.org/search/野%20%23kanji,,,
弥,http://jisho.org/search/弥%20%23kanji,,,
厄,http://jisho.org/search/厄%20%23kanji,,,
役,http://jisho.org/search/役%20%23kanji,,,
約,http://jisho.org/search/約%20%23kanji,,,
訳,http://jisho.org/search/訳%20%23kanji,,,
薬,http://jisho.org/search/薬%20%23kanji,,,
躍,http://jisho.org/search/躍%20%23kanji,,,
闇,http://jisho.org/search/闇%20%23kanji,,,
由,http://jisho.org/search/由%20%23kanji,,,
油,http://jisho.org/search/油%20%23kanji,,,
喩,http://jisho.org/search/喩%20%23kanji,,,
愉,http://jisho.org/search/愉%20%23kanji,,,
諭,http://jisho.org/search/諭%20%23kanji,,,
輸,http://jisho.org/search/輸%20%23kanji,,,
癒,http://jisho.org/search/癒%20%23kanji,,,
唯,http://jisho.org/search/唯%20%23kanji,,,
友,http://jisho.org/search/友%20%23kanji,,,
有,http://jisho.org/search/有%20%23kanji,,,
勇,http://jisho.org/search/勇%20%23kanji,,,
幽,http://jisho.org/search/幽%20%23kanji,,,
悠,http://jisho.org/search/悠%20%23kanji,,,
郵,http://jisho.org/search/郵%20%23kanji,,,
湧,http://jisho.org/search/湧%20%23kanji,,,
猶,http://jisho.org/search/猶%20%23kanji,,,
裕,http://jisho.org/search/裕%20%23kanji,,,
遊,http://jisho.org/search/遊%20%23kanji,,,
雄,http://jisho.org/search/雄%20%23kanji,,,
誘,http://jisho.org/search/誘%20%23kanji,,,
憂,http://jisho.org/search/憂%20%23kanji,,,
融,http://jisho.org/search/融%20%23kanji,,,
優,http://jisho.org/search/優%20%23kanji,,,
与,http://jisho.org/search/与%20%23kanji,,,
予,http://jisho.org/search/予%20%23kanji,,,
余,http://jisho.org/search/余%20%23kanji,,,
誉,http://jisho.org/search/誉%20%23kanji,,,
預,http://jisho.org/search/預%20%23kanji,,,
幼,http://jisho.org/search/幼%20%23kanji,,,
用,http://jisho.org/search/用%20%23kanji,,,
羊,http://jisho.org/search/羊%20%23kanji,,,
妖,http://jisho.org/search/妖%20%23kanji,,,
洋,http://jisho.org/search/洋%20%23kanji,,,
要,http://jisho.org/search/要%20%23kanji,,,
容,http://jisho.org/search/容%20%23kanji,,,
庸,http://jisho.org/search/庸%20%23kanji,,,
揚,http://jisho.org/search/揚%20%23kanji,,,
揺,http://jisho.org/search/揺%20%23kanji,,,
葉,http://jisho.org/search/葉%20%23kanji,,,
陽,http://jisho.org/search/陽%20%23kanji,,,
溶,http://jisho.org/search/溶%20%23kanji,,,
腰,http://jisho.org/search/腰%20%23kanji,,,
様,http://jisho.org/search/様%20%23kanji,,,
瘍,http://jisho.org/search/瘍%20%23kanji,,,
踊,http://jisho.org/search/踊%20%23kanji,,,
窯,http://jisho.org/search/窯%20%23kanji,,,
養,http://jisho.org/search/養%20%23kanji,,,
擁,http://jisho.org/search/擁%20%23kanji,,,
謡,http://jisho.org/search/謡%20%23kanji,,,
曜,http://jisho.org/search/曜%20%23kanji,,,
抑,http://jisho.org/search/抑%20%23kanji,,,
沃,http://jisho.org/search/沃%20%23kanji,,,
浴,http://jisho.org/search/浴%20%23kanji,,,
欲,http://jisho.org/search/欲%20%23kanji,,,
翌,http://jisho.org/search/翌%20%23kanji,,,
翼,http://jisho.org/search/翼%20%23kanji,,,
拉,http://jisho.org/search/拉%20%23kanji,,,
裸,http://jisho.org/search/裸%20%23kanji,,,
羅,http://jisho.org/search/羅%20%23kanji,,,
来,http://jisho.org/search/来%20%23kanji,,,
雷,http://jisho.org/search/雷%20%23kanji,,,
頼,http://jisho.org/search/頼%20%23kanji,,,
絡,http://jisho.org/search/絡%20%23kanji,,,
落,http://jisho.org/search/落%20%23kanji,,,
酪,http://jisho.org/search/酪%20%23kanji,,,
辣,http://jisho.org/search/辣%20%23kanji,,,
乱,http://jisho.org/search/乱%20%23kanji,,,
卵,http://jisho.org/search/卵%20%23kanji,,,
覧,http://jisho.org/search/覧%20%23kanji,,,
濫,http://jisho.org/search/濫%20%23kanji,,,
藍,http://jisho.org/search/藍%20%23kanji,,,
欄,http://jisho.org/search/欄%20%23kanji,,,
吏,http://jisho.org/search/吏%20%23kanji,,,
利,http://jisho.org/search/利%20%23kanji,,,
里,http://jisho.org/search/里%20%23kanji,,,
理,http://jisho.org/search/理%20%23kanji,,,
痢,http://jisho.org/search/痢%20%23kanji,,,
裏,http://jisho.org/search/裏%20%23kanji,,,
履,http://jisho.org/search/履%20%23kanji,,,
璃,http://jisho.org/search/璃%20%23kanji,,,
離,http://jisho.org/search/離%20%23kanji,,,
陸,http://jisho.org/search/陸%20%23kanji,,,
立,http://jisho.org/search/立%20%23kanji,,,
律,http://jisho.org/search/律%20%23kanji,,,
慄,http://jisho.org/search/慄%20%23kanji,,,
略,http://jisho.org/search/略%20%23kanji,,,
柳,http://jisho.org/search/柳%20%23kanji,,,
流,http://jisho.org/search/流%20%23kanji,,,
留,http://jisho.org/search/留%20%23kanji,,,
竜,http://jisho.org/search/竜%20%23kanji,,,
粒,http://jisho.org/search/粒%20%23kanji,,,
隆,http://jisho.org/search/隆%20%23kanji,,,
硫,http://jisho.org/search/硫%20%23kanji,,,
侶,http://jisho.org/search/侶%20%23kanji,,,
旅,http://jisho.org/search/旅%20%23kanji,,,
虜,http://jisho.org/search/虜%20%23kanji,,,
慮,http://jisho.org/search/慮%20%23kanji,,,
了,http://jisho.org/search/了%20%23kanji,,,
両,http://jisho.org/search/両%20%23kanji,,,
良,http://jisho.org/search/良%20%23kanji,,,
料,http://jisho.org/search/料%20%23kanji,,,
涼,http://jisho.org/search/涼%20%23kanji,,,
猟,http://jisho.org/search/猟%20%23kanji,,,
陵,http://jisho.org/search/陵%20%23kanji,,,
量,http://jisho.org/search/量%20%23kanji,,,
僚,http://jisho.org/search/僚%20%23kanji,,,
領,http://jisho.org/search/領%20%23kanji,,,
寮,http://jisho.org/search/寮%20%23kanji,,,
療,http://jisho.org/search/療%20%23kanji,,,
瞭,http://jisho.org/search/瞭%20%23kanji,,,
糧,http://jisho.org/search/糧%20%23kanji,,,
力,http://jisho.org/search/力%20%23kanji,,,
緑,http://jisho.org/search/緑%20%23kanji,,,
林,http://jisho.org/search/林%20%23kanji,,,
厘,http://jisho.org/search/厘%20%23kanji,,,
倫,http://jisho.org/search/倫%20%23kanji,,,
輪,http://jisho.org/search/輪%20%23kanji,,,
隣,http://jisho.org/search/隣%20%23kanji,,,
臨,http://jisho.org/search/臨%20%23kanji,,,
瑠,http://jisho.org/search/瑠%20%23kanji,,,
涙,http://jisho.org/search/涙%20%23kanji,,,
累,http://jisho.org/search/累%20%23kanji,,,
塁,http://jisho.org/search/塁%20%23kanji,,,
類,http://jisho.org/search/類%20%23kanji,,,
令,http://jisho.org/search/令%20%23kanji,,,
礼,http://jisho.org/search/礼%20%23kanji,,,
冷,http://jisho.org/search/冷%20%23kanji,,,
励,http://jisho.org/search/励%20%23kanji,,,
戻,http://jisho.org/search/戻%20%23kanji,,,
例,http://jisho.org/search/例%20%23kanji,,,
鈴,http://jisho.org/search/鈴%20%23kanji,,,
零,http://jisho.org/search/零%20%23kanji,,,
霊,http://jisho.org/search/霊%20%23kanji,,,
隷,http://jisho.org/search/隷%20%23kanji,,,
齢,http://jisho.org/search/齢%20%23kanji,,,
麗,http://jisho.org/search/麗%20%23kanji,,,
暦,http://jisho.org/search/暦%20%23kanji,,,
歴,http://jisho.org/search/歴%20%23kanji,,,
列,http://jisho.org/search/列%20%23kanji,,,
劣,http://jisho.org/search/劣%20%23kanji,,,
烈,http://jisho.org/search/烈%20%23kanji,,,
裂,http://jisho.org/search/裂%20%23kanji,,,
恋,http://jisho.org/search/恋%20%23kanji,,,
連,http://jisho.org/search/連%20%23kanji,,,
廉,http://jisho.org/search/廉%20%23kanji,,,
練,http://jisho.org/search/練%20%23kanji,,,
錬,http://jisho.org/search/錬%20%23kanji,,,
呂,http://jisho.org/search/呂%20%23kanji,,,
炉,http://jisho.org/search/炉%20%23kanji,,,
賂,http://jisho.org/search/賂%20%23kanji,,,
路,http://jisho.org/search/路%20%23kanji,,,
露,http://jisho.org/search/露%20%23kanji,,,
老,http://jisho.org/search/老%20%23kanji,,,
労,http://jisho.org/search/労%20%23kanji,,,
弄,http://jisho.org/search/弄%20%23kanji,,,
郎,http://jisho.org/search/郎%20%23kanji,,,
朗,http://jisho.org/search/朗%20%23kanji,,,
浪,http://jisho.org/search/浪%20%23kanji,,,
廊,http://jisho.org/search/廊%20%23kanji,,,
楼,http://jisho.org/search/楼%20%23kanji,,,
漏,http://jisho.org/search/漏%20%23kanji,,,
籠,http://jisho.org/search/籠%20%23kanji,,,
六,http://jisho.org/search/六%20%23kanji,,,
録,http://jisho.org/search/録%20%23kanji,,,
麓,http://jisho.org/search/麓%20%23kanji,,,
論,http://jisho.org/search/論%20%23kanji,,,
和,http://jisho.org/search/和%20%23kanji,,,
話,http://jisho.org/search/話%20%23kanji,,,
賄,http://jisho.org/search/賄%20%23kanji,,,
脇,http://jisho.org/search/脇%20%23kanji,,,
惑,http://jisho.org/search/惑%20%23kanji,,,
枠,http://jisho.org/search/枠%20%23kanji,,,
湾,http://jisho.org/search/湾%20%23kanji,,,
腕,http://jisho.org/search/腕%20%23kanji,,,
